latitude,longitude,brightness,scan,track,acq_date,acq_time,satellite,instrument,confidence,version,bright_t31,frp,daynight,type
39.859348,49.791992,331.94,0.32,0.55,2013-08-17,2148,N,VIIRS,n,1,318.92,30.55,N,3
39.864433,49.792576,307.18,0.32,0.55,2013-08-17,2148,N,VIIRS,n,1,293.89,30.55,N,3
39.859112,49.79583,340.74,0.32,0.55,2013-08-17,2148,N,VIIRS,n,1,295.34,30.55,N,3
39.858875,49.79966,308.62,0.32,0.55,2013-08-17,2148,N,VIIRS,n,1,294.12,4.05,N,3
39.859821,49.784317,308.49,0.32,0.55,2013-08-17,2148,N,VIIRS,n,1,294.62,24.54,N,3
39.859585,49.788155,343.83,0.32,0.55,2013-08-17,2148,N,VIIRS,n,1,297.55,24.54,N,3
39.853413,49.79137,306.91,0.48,0.65,2013-08-17,2330,N,VIIRS,n,1,291.44,22.73,N,3
39.859917,49.781456,303.36,0.48,0.65,2013-08-17,2330,N,VIIRS,n,1,291.83,10.56,N,3
39.858315,49.786926,322.83,0.48,0.65,2013-08-17,2330,N,VIIRS,n,1,292.13,10.56,N,3
39.862339,49.783314,305.65,0.48,0.65,2013-08-17,2330,N,VIIRS,n,1,291.69,3.81,N,3
39.860767,49.800751,306.76,0.49,0.65,2013-08-17,2330,N,VIIRS,n,1,291.41,13.74,N,3
39.860706,49.788761,330.33,0.48,0.65,2013-08-17,2330,N,VIIRS,n,1,292.2,22.73,N,3
39.859077,49.794224,349.93,0.48,0.65,2013-08-17,2330,N,VIIRS,n,1,302.2,22.73,N,3
39.856712,49.792397,355.7,0.48,0.65,2013-08-17,2330,N,VIIRS,n,1,300.42,13.74,N,3
39.8535,49.803352,305.99,0.49,0.65,2013-08-17,2330,N,VIIRS,n,1,291.13,1.96,N,3
39.855808,49.805149,308.2,0.49,0.65,2013-08-17,2330,N,VIIRS,n,1,290.97,9.07,N,3
39.863972,49.789803,305.3,0.48,0.65,2013-08-17,2330,N,VIIRS,n,1,291.65,10.56,N,3
39.857441,49.799683,321.72,0.48,0.65,2013-08-17,2330,N,VIIRS,n,1,292.3,9.07,N,3
39.855106,49.797874,323,0.49,0.65,2013-08-17,2330,N,VIIRS,n,1,292.56,13.74,N,3
39.86237,49.795273,313.33,0.48,0.65,2013-08-17,2330,N,VIIRS,n,1,291.81,13.74,N,3
39.860542,49.79538,311.35,0.57,0.69,2013-08-18,2130,N,VIIRS,n,1,264.91,1.75,N,3
39.860001,49.790653,354.76,0.57,0.69,2013-08-18,2130,N,VIIRS,n,1,268.8,8.38,N,3
39.860722,49.788414,328.8,0.57,0.69,2013-08-18,2130,N,VIIRS,n,1,266.02,1.75,N,3
39.866261,49.801571,307.72,0.56,0.52,2013-08-18,2312,N,VIIRS,n,1,292.98,2.29,N,3
39.858696,49.791294,353.46,0.56,0.52,2013-08-18,2312,N,VIIRS,n,1,314.46,107.04,N,3
39.863274,49.793228,319.77,0.56,0.52,2013-08-18,2312,N,VIIRS,n,1,293.38,2.29,N,3
39.861679,49.799633,314.51,0.56,0.52,2013-08-18,2312,N,VIIRS,n,1,292.97,2.29,N,3
39.864872,49.786823,309.41,0.56,0.52,2013-08-18,2312,N,VIIRS,n,1,292.97,4.01,N,3
39.860294,49.784893,324.76,0.56,0.52,2013-08-18,2312,N,VIIRS,n,1,293.11,3.31,N,3
39.861889,49.778496,307.5,0.56,0.52,2013-08-18,2312,N,VIIRS,n,1,292.92,3.31,N,3
39.855713,49.782959,308.66,0.56,0.52,2013-08-18,2312,N,VIIRS,n,1,292.88,3.31,N,3
39.854115,49.78936,316.77,0.56,0.52,2013-08-18,2312,N,VIIRS,n,1,293.11,107.04,N,3
39.852516,49.795769,313.03,0.56,0.52,2013-08-18,2312,N,VIIRS,n,1,293.15,107.04,N,3
39.855495,49.804111,310.62,0.56,0.52,2013-08-18,2312,N,VIIRS,n,1,293.16,7.63,N,3
39.856201,49.785992,331.15,0.58,0.52,2013-08-19,0854,N,VIIRS,n,1,295.42,14.31,D,3
39.859486,49.799168,341.89,0.58,0.52,2013-08-19,0854,N,VIIRS,n,1,294.78,284.31,D,3
39.86198,49.789082,344.49,0.56,0.69,2013-08-19,1036,N,VIIRS,n,1,292.99,67.54,D,3
39.861393,49.797256,367,0.56,0.69,2013-08-19,1036,N,VIIRS,h,1,293.39,90.85,D,3
39.854961,49.797432,367,0.56,0.69,2013-08-19,1036,N,VIIRS,h,1,299.78,90.85,D,3
39.855701,49.796043,367,0.56,0.69,2013-08-19,1036,N,VIIRS,h,1,305.35,67.54,D,3
39.861206,49.790493,337.02,0.56,0.68,2013-08-19,1036,N,VIIRS,n,1,293.71,142.37,D,3
39.862133,49.795845,367,0.56,0.69,2013-08-19,1036,N,VIIRS,h,1,293.15,67.54,D,3
39.854588,49.797009,306.38,0.51,0.41,2013-08-19,2254,N,VIIRS,n,1,293.14,3.06,N,3
39.860638,49.786686,307.74,0.5,0.41,2013-08-19,2254,N,VIIRS,n,1,292.9,44.92,N,3
39.858273,49.798279,314.41,0.51,0.41,2013-08-19,2254,N,VIIRS,n,1,293,3.06,N,3
39.855774,49.791206,321.01,0.51,0.41,2013-08-19,2254,N,VIIRS,n,1,293.15,44.92,N,3
39.859455,49.79248,333.54,0.51,0.41,2013-08-19,2254,N,VIIRS,n,1,306.83,44.92,N,3
39.86314,49.793751,307.12,0.51,0.41,2013-08-19,2254,N,VIIRS,n,1,292.81,1.38,N,3
39.86277,49.793713,367,0.5,0.66,2013-08-20,0836,N,VIIRS,l,1,289.52,46.03,D,3
39.856991,49.790878,208,0.5,0.66,2013-08-20,0836,N,VIIRS,l,1,296.87,83.8,D,3
39.855381,49.790932,208,0.5,0.66,2013-08-20,0836,N,VIIRS,l,1,294.46,46.03,D,3
39.861122,49.788078,367,0.5,0.66,2013-08-20,0836,N,VIIRS,l,1,289.47,46.03,D,3
39.857029,49.796558,367,0.5,0.66,2013-08-20,0836,N,VIIRS,h,1,294.57,46.03,D,3
39.858669,49.796486,367,0.5,0.66,2013-08-20,0836,N,VIIRS,h,1,291.39,133.33,D,3
39.856071,49.797749,341.04,0.62,0.54,2013-08-20,1018,N,VIIRS,n,1,291.66,28.26,D,3
39.859447,49.791515,337.51,0.38,0.36,2013-08-20,2236,N,VIIRS,n,1,307.05,41.85,N,3
39.858727,49.795971,319.37,0.38,0.36,2013-08-20,2236,N,VIIRS,n,1,294.65,41.85,N,3
39.856167,49.790623,322.65,0.38,0.36,2013-08-20,2236,N,VIIRS,n,1,291.16,1.14,N,3
39.852165,49.794186,307.15,0.38,0.36,2013-08-20,2236,N,VIIRS,n,1,290.7,1.14,N,3
39.852882,49.78973,307.17,0.38,0.36,2013-08-20,2236,N,VIIRS,n,1,290.58,1.14,N,3
39.85545,49.795082,320.23,0.38,0.36,2013-08-20,2236,N,VIIRS,n,1,292.98,1.14,N,3
39.860828,49.794216,319.54,0.47,0.4,2013-08-21,2218,N,VIIRS,n,1,280.46,4.06,N,3
39.861687,49.793331,298.82,0.47,0.4,2013-08-21,2218,N,VIIRS,n,1,279.83,2.12,N,3
39.85804,49.792595,320.01,0.47,0.4,2013-08-21,2218,N,VIIRS,n,1,283.79,2.12,N,3
39.856403,49.79211,335.68,0.53,0.5,2013-08-22,2154,N,VIIRS,n,1,294.56,29.06,N,3
39.855923,49.798389,308.03,0.53,0.5,2013-08-22,2154,N,VIIRS,n,1,291.73,29.06,N,3
39.861057,49.792744,337.52,0.53,0.5,2013-08-22,2154,N,VIIRS,n,1,296.99,29.06,N,3
39.860577,49.799026,305.18,0.53,0.5,2013-08-22,2154,N,VIIRS,n,1,291.38,29.06,N,3
39.856884,49.785824,304.56,0.53,0.5,2013-08-22,2154,N,VIIRS,n,1,291.4,20.36,N,3
39.853081,49.794937,327.09,0.58,0.7,2013-08-22,2336,N,VIIRS,n,1,287.93,38.97,N,3
39.861153,49.791664,367,0.58,0.7,2013-08-22,2336,N,VIIRS,h,1,291.77,38.97,N,3
39.859116,49.798164,309.13,0.58,0.7,2013-08-22,2336,N,VIIRS,n,1,291.6,38.97,N,3
39.863182,49.78516,310.01,0.58,0.7,2013-08-22,2336,N,VIIRS,n,1,287.76,14.3,N,3
39.865215,49.778667,302.85,0.58,0.69,2013-08-22,2336,N,VIIRS,n,1,287.86,14.3,N,3
39.855118,49.788437,329.04,0.58,0.7,2013-08-22,2336,N,VIIRS,n,1,288.16,38.97,N,3
39.86367,49.786194,305.71,0.47,0.64,2013-08-23,2136,N,VIIRS,n,1,293.07,1.68,N,3
39.863457,49.791904,312.89,0.47,0.64,2013-08-23,2136,N,VIIRS,n,1,293.52,2.03,N,3
39.857666,49.785778,367,0.47,0.64,2013-08-23,2136,N,VIIRS,h,1,296.46,61.64,N,3
39.857876,49.78006,304.23,0.47,0.64,2013-08-23,2136,N,VIIRS,n,1,292.82,61.64,N,3
39.857239,49.797195,337.91,0.47,0.64,2013-08-23,2136,N,VIIRS,n,1,293.19,119.92,N,3
39.856815,49.808598,303.99,0.47,0.64,2013-08-23,2136,N,VIIRS,n,1,292.79,2.4,N,3
39.857025,49.802898,312.63,0.47,0.64,2013-08-23,2136,N,VIIRS,n,1,292.67,2.4,N,3
39.863689,49.788586,311.33,0.34,0.56,2013-08-23,2318,N,VIIRS,n,1,292.04,3.3,N,3
39.86063,49.800091,304.83,0.34,0.56,2013-08-23,2318,N,VIIRS,n,1,293.57,1.39,N,3
39.855694,49.797874,319.99,0.34,0.56,2013-08-23,2318,N,VIIRS,n,1,293.84,1.39,N,3
39.854671,49.801712,305.81,0.34,0.56,2013-08-23,2318,N,VIIRS,n,1,293.21,1.39,N,3
39.859608,49.803928,309.74,0.34,0.56,2013-08-23,2318,N,VIIRS,n,1,292.47,1.39,N,3
39.857735,49.790203,367,0.34,0.56,2013-08-23,2318,N,VIIRS,h,1,294.73,6.54,N,3
39.856716,49.794041,356.35,0.34,0.56,2013-08-23,2318,N,VIIRS,n,1,300.82,6.54,N,3
39.861649,49.796253,329.77,0.34,0.56,2013-08-23,2318,N,VIIRS,n,1,294.53,6.54,N,3
39.862671,49.792416,314.1,0.34,0.56,2013-08-23,2318,N,VIIRS,n,1,293.62,6.54,N,3
39.858757,49.786373,317.49,0.34,0.56,2013-08-23,2318,N,VIIRS,n,1,293.16,3.3,N,3
39.859077,49.79129,341.54,0.48,0.48,2013-08-24,0900,N,VIIRS,n,1,311.58,86.48,D,3
39.860352,49.796806,340.96,0.48,0.48,2013-08-24,0900,N,VIIRS,n,1,295.38,54.14,D,3
39.857506,49.786125,354.06,0.67,0.74,2013-08-24,1042,N,VIIRS,n,1,292.55,105.75,D,3
39.858456,49.802067,337.98,0.67,0.74,2013-08-24,1042,N,VIIRS,n,1,292.35,125.3,D,3
39.858269,49.785568,350.54,0.67,0.74,2013-08-24,1042,N,VIIRS,n,1,292.58,37.23,D,3
39.861736,49.790947,314.28,0.4,0.44,2013-08-24,2300,N,VIIRS,n,1,294.78,25.96,N,3
39.857784,49.789482,340.43,0.4,0.44,2013-08-24,2300,N,VIIRS,n,1,295.3,25.96,N,3
39.860752,49.795479,340.6,0.4,0.44,2013-08-24,2300,N,VIIRS,n,1,296.81,67.66,N,3
39.859795,49.794319,367,0.42,0.61,2013-08-25,0842,N,VIIRS,h,1,300.85,102.9,D,3
39.858482,49.789612,208,0.42,0.61,2013-08-25,0842,N,VIIRS,l,1,302.08,60.81,D,3
39.857693,49.789913,349.27,0.38,0.59,2013-08-25,1024,N,VIIRS,n,1,296.07,18.67,D,3
39.857918,49.794468,367,0.38,0.59,2013-08-25,1024,N,VIIRS,h,1,311.88,18.67,D,3
39.859592,49.794735,332.69,0.4,0.37,2013-08-25,2242,N,VIIRS,n,1,307.63,16.1,N,3
39.860409,49.790096,317.47,0.4,0.37,2013-08-25,2242,N,VIIRS,n,1,291.27,16.1,N,3
39.856255,49.793751,333.53,0.4,0.37,2013-08-25,2242,N,VIIRS,n,1,291.09,4.03,N,3
39.857071,49.789108,304.25,0.4,0.37,2013-08-25,2242,N,VIIRS,n,1,289.85,4.03,N,3
39.854931,49.790726,345.08,0.7,0.75,2013-08-26,0824,N,VIIRS,n,1,293.9,29.02,D,3
39.86142,49.787151,342.48,0.7,0.75,2013-08-26,0824,N,VIIRS,n,1,290.2,29.02,D,3
39.864025,49.795059,335.1,0.7,0.75,2013-08-26,0824,N,VIIRS,n,1,290.14,37.17,D,3
39.85754,49.79863,367,0.7,0.75,2013-08-26,0824,N,VIIRS,h,1,292,37.17,D,3
39.863983,49.798519,335.56,0.7,0.75,2013-08-26,0824,N,VIIRS,n,1,290.27,76.84,D,3
39.854843,49.794174,352.1,0.7,0.75,2013-08-26,0824,N,VIIRS,n,1,293.94,17.19,D,3
39.857327,49.790695,301.71,0.43,0.46,2013-08-26,1000,N,VIIRS,l,1,302.08,52.78,D,3
39.857792,49.79575,341.39,0.43,0.46,2013-08-26,1000,N,VIIRS,n,1,298.77,57.85,D,3
39.856678,49.791893,344.47,0.42,0.38,2013-08-26,2224,N,VIIRS,n,1,297.33,28.53,N,3
39.860115,49.792667,344.08,0.42,0.38,2013-08-26,2224,N,VIIRS,n,1,310.28,51.13,N,3
39.857681,49.792656,332.95,0.41,0.37,2013-08-27,0942,N,VIIRS,n,1,300.99,28.17,D,3
39.860668,49.793186,352.78,0.44,0.46,2013-08-27,2200,N,VIIRS,n,1,302.32,42.54,N,3
39.858562,49.79211,333.69,0.44,0.46,2013-08-27,2200,N,VIIRS,n,1,304.83,41.69,N,3
39.858078,49.797283,311.04,0.44,0.46,2013-08-27,2200,N,VIIRS,n,1,294.27,41.69,N,3
39.8564,49.792507,352.15,0.44,0.46,2013-08-27,2200,N,VIIRS,n,1,297.86,42.54,N,3
39.858517,49.786205,356.96,0.69,0.74,2013-08-27,2342,N,VIIRS,n,1,290.25,29.19,N,3
39.861073,49.778496,310.39,0.69,0.74,2013-08-27,2342,N,VIIRS,n,1,289.47,9.04,N,3
39.864918,49.789814,302.96,0.69,0.74,2013-08-27,2342,N,VIIRS,n,1,289.62,29.19,N,3
39.862362,49.797535,320.19,0.69,0.74,2013-08-27,2342,N,VIIRS,n,1,290.3,29.19,N,3
39.855961,49.793922,339.03,0.69,0.74,2013-08-27,2342,N,VIIRS,n,1,295.53,29.19,N,3
39.853397,49.801655,307.75,0.69,0.74,2013-08-27,2342,N,VIIRS,n,1,289.77,19.56,N,3
39.857609,49.791637,334.24,0.41,0.37,2013-08-28,0924,N,VIIRS,n,1,303.24,35.29,D,3
39.8578,49.786076,320.84,0.39,0.59,2013-08-28,2142,N,VIIRS,n,1,290.29,37.36,N,3
39.857082,49.800083,315.94,0.39,0.59,2013-08-28,2142,N,VIIRS,n,1,290.13,14.99,N,3
39.857323,49.795414,353.06,0.39,0.59,2013-08-28,2142,N,VIIRS,n,1,290.73,14.99,N,3
39.863091,49.791252,309.15,0.39,0.59,2013-08-28,2142,N,VIIRS,n,1,290.27,37.36,N,3
39.857563,49.790749,355.12,0.39,0.59,2013-08-28,2142,N,VIIRS,n,1,302.44,37.36,N,3
39.857723,49.791431,367,0.41,0.6,2013-08-28,2324,N,VIIRS,h,1,298.31,33.82,N,3
39.85643,49.796024,322.45,0.41,0.6,2013-08-28,2324,N,VIIRS,n,1,292.48,35.87,N,3
39.860302,49.782246,307.51,0.41,0.6,2013-08-28,2324,N,VIIRS,n,1,290.21,2.13,N,3
39.859009,49.786839,326.98,0.41,0.6,2013-08-28,2324,N,VIIRS,n,1,290.82,33.82,N,3
39.863018,49.793957,305.64,0.41,0.6,2013-08-28,2324,N,VIIRS,n,1,290.33,1.04,N,3
39.859562,49.777328,301.69,0.69,0.75,2013-08-29,2124,N,VIIRS,n,1,287.22,41.35,N,3
39.864021,49.789139,305.53,0.69,0.74,2013-08-29,2124,N,VIIRS,n,1,287.14,32.05,N,3
39.859459,49.785812,367,0.69,0.74,2013-08-29,2124,N,VIIRS,h,1,290.54,41.35,N,3
39.859352,49.794292,332.35,0.69,0.74,2013-08-29,2124,N,VIIRS,n,1,289.27,32.35,N,3
39.857082,49.780449,315.44,0.69,0.75,2013-08-29,2124,N,VIIRS,n,1,287.09,32.05,N,3
39.856888,49.805878,309.24,0.69,0.74,2013-08-29,2124,N,VIIRS,n,1,287.1,15.38,N,3
39.859241,49.802753,323.19,0.69,0.74,2013-08-29,2124,N,VIIRS,n,1,287.23,32.35,N,3
39.859135,49.811211,306.79,0.69,0.74,2013-08-29,2124,N,VIIRS,n,1,286.9,5.44,N,3
39.857018,49.788933,355.28,0.69,0.74,2013-08-29,2124,N,VIIRS,n,1,293.38,32.05,N,3
39.856953,49.797409,341.51,0.69,0.74,2013-08-29,2124,N,VIIRS,n,1,287.62,15.38,N,3
39.860519,49.786182,305.39,0.47,0.48,2013-08-29,2306,N,VIIRS,n,1,291.48,42.22,N,3
39.858002,49.796925,332.61,0.47,0.48,2013-08-29,2306,N,VIIRS,n,1,292.18,23.08,N,3
39.859264,49.791553,349.63,0.47,0.48,2013-08-29,2306,N,VIIRS,n,1,300.76,42.22,N,3
39.857773,49.787498,340.65,0.35,0.56,2013-08-30,0848,N,VIIRS,n,1,290.82,76.13,D,3
39.859852,49.795372,346.5,0.35,0.56,2013-08-30,0848,N,VIIRS,n,1,290.3,31.53,D,3
39.858601,49.791306,347.42,0.46,0.64,2013-08-30,1030,N,VIIRS,n,1,290.15,25.11,D,3
39.858795,49.796875,367,0.46,0.64,2013-08-30,1030,N,VIIRS,h,1,292.3,25.11,D,3
39.856659,49.786449,307.25,0.44,0.39,2013-08-30,2248,N,VIIRS,n,1,293.77,1.24,N,3
39.86013,49.78756,316.19,0.44,0.39,2013-08-30,2248,N,VIIRS,n,1,293.62,14.12,N,3
39.863609,49.788673,308.68,0.44,0.39,2013-08-30,2248,N,VIIRS,n,1,293.59,14.12,N,3
39.859161,49.792648,342.92,0.44,0.39,2013-08-30,2248,N,VIIRS,n,1,302.17,14.12,N,3
39.86264,49.793762,317.69,0.44,0.39,2013-08-30,2248,N,VIIRS,n,1,293.8,14.12,N,3
39.855682,49.791534,318.38,0.44,0.39,2013-08-30,2248,N,VIIRS,n,1,293.7,1.24,N,3
39.858189,49.797741,313.5,0.44,0.39,2013-08-30,2248,N,VIIRS,n,1,294.01,1.78,N,3
39.859226,49.785385,349.48,0.59,0.7,2013-08-31,0830,N,VIIRS,n,1,291.19,16.52,D,3
39.855282,49.793865,367,0.59,0.7,2013-08-31,0830,N,VIIRS,h,1,293.14,17.66,D,3
39.861389,49.790676,367,0.59,0.7,2013-08-31,0830,N,VIIRS,h,1,291.49,21.35,D,3
39.861336,49.792034,367,0.59,0.7,2013-08-31,0830,N,VIIRS,h,1,291.9,16.52,D,3
39.856358,49.795639,339.87,0.51,0.5,2013-08-31,1012,N,VIIRS,n,1,298.56,9.99,D,3
39.860966,49.795067,339.51,0.51,0.5,2013-08-31,1012,N,VIIRS,n,1,294.32,9.99,D,3
39.85994,49.794827,340.13,0.52,0.5,2013-08-31,1012,N,VIIRS,n,1,299.06,26.48,D,3
39.855164,49.793667,308.38,0.39,0.36,2013-08-31,2230,N,VIIRS,n,1,295.33,30.79,N,3
39.859146,49.789955,335.11,0.39,0.36,2013-08-31,2230,N,VIIRS,n,1,298.06,15.27,N,3
39.855835,49.789131,307.35,0.39,0.36,2013-08-31,2230,N,VIIRS,n,1,294.99,15.27,N,3
39.862461,49.790783,306.81,0.39,0.36,2013-08-31,2230,N,VIIRS,n,1,295.23,0.76,N,3
39.86179,49.795315,309.08,0.39,0.36,2013-08-31,2230,N,VIIRS,n,1,295.19,0.89,N,3
39.856403,49.794518,344.57,0.46,0.39,2013-09-01,0948,N,VIIRS,n,1,300.34,12.22,D,3
39.860027,49.793812,344.07,0.46,0.39,2013-09-01,0948,N,VIIRS,n,1,296.74,12.22,D,3
39.859001,49.789604,346.55,0.55,0.43,2013-09-01,2212,N,VIIRS,n,1,303.27,25.57,N,3
39.854408,49.795372,311.01,0.55,0.43,2013-09-01,2212,N,VIIRS,n,1,292.68,25.57,N,3
39.859268,49.796173,332.51,0.55,0.43,2013-09-01,2212,N,VIIRS,n,1,294.07,18.04,N,3
39.859966,49.789703,346.69,0.55,0.43,2013-09-01,2212,N,VIIRS,n,1,301.98,16.12,N,3
39.863895,49.790409,313.45,0.55,0.43,2013-09-01,2212,N,VIIRS,n,1,290.62,16.12,N,3
39.86459,49.783932,302.63,0.55,0.43,2013-09-01,2212,N,VIIRS,n,1,290.86,16.12,N,3
39.860668,49.783226,313.97,0.55,0.43,2013-09-01,2212,N,VIIRS,n,1,290.93,16.12,N,3
39.856739,49.78252,304.02,0.55,0.43,2013-09-01,2212,N,VIIRS,n,1,290.76,3.6,N,3
39.855072,49.788891,321.08,0.55,0.43,2013-09-01,2212,N,VIIRS,n,1,292,25.57,N,3
39.863194,49.796879,312.74,0.55,0.43,2013-09-01,2212,N,VIIRS,n,1,292.1,18.04,N,3
39.858334,49.796082,337.02,0.55,0.43,2013-09-01,2212,N,VIIRS,n,1,293.33,25.57,N,3
39.862263,49.796795,319.7,0.55,0.43,2013-09-01,2212,N,VIIRS,n,1,292.2,2.75,N,3
39.855736,49.782406,305.9,0.55,0.43,2013-09-01,2212,N,VIIRS,n,1,291.17,1.74,N,3
39.859661,49.783115,313,0.55,0.43,2013-09-01,2212,N,VIIRS,n,1,290.73,1.74,N,3
39.856041,49.788994,335.44,0.55,0.43,2013-09-01,2212,N,VIIRS,n,1,292.19,3.6,N,3
39.855347,49.795467,316.85,0.55,0.43,2013-09-01,2212,N,VIIRS,n,1,292.43,4.42,N,3
39.862923,49.790314,325.53,0.55,0.43,2013-09-01,2212,N,VIIRS,n,1,291.14,2.75,N,3
39.859695,49.791775,331.41,0.39,0.36,2013-09-02,0930,N,VIIRS,n,1,294.77,62.74,D,3
39.858292,49.80175,305.66,0.32,0.55,2013-09-02,2148,N,VIIRS,n,1,288.66,0.97,N,3
39.862156,49.793282,355.76,0.32,0.55,2013-09-02,2148,N,VIIRS,n,1,290,7.61,N,3
39.862392,49.789452,319.39,0.32,0.55,2013-09-02,2148,N,VIIRS,n,1,289.9,9.56,N,3
39.861919,49.797104,302.87,0.32,0.55,2013-09-02,2148,N,VIIRS,n,1,287.99,7.61,N,3
39.853477,49.797363,307.86,0.32,0.55,2013-09-02,2148,N,VIIRS,n,1,288.85,7.41,N,3
39.853733,49.793545,309.97,0.32,0.55,2013-09-02,2148,N,VIIRS,n,1,288.79,7.41,N,3
39.853989,49.789726,311.93,0.32,0.55,2013-09-02,2148,N,VIIRS,n,1,289.39,10.6,N,3
39.852005,49.79211,303.28,0.32,0.55,2013-09-02,2148,N,VIIRS,n,1,288.47,0.79,N,3
39.857315,49.788864,352.07,0.32,0.55,2013-09-02,2148,N,VIIRS,n,1,291.67,9.56,N,3
39.857082,49.792694,340.97,0.32,0.55,2013-09-02,2148,N,VIIRS,n,1,295.86,7.61,N,3
39.856846,49.796516,314.61,0.32,0.55,2013-09-02,2148,N,VIIRS,n,1,288.69,7.61,N,3
39.859066,49.790295,367,0.32,0.55,2013-09-02,2148,N,VIIRS,h,1,296.16,10.6,N,3
39.858807,49.794117,318.61,0.32,0.55,2013-09-02,2148,N,VIIRS,n,1,292.42,7.41,N,3
39.858547,49.797935,309.12,0.32,0.55,2013-09-02,2148,N,VIIRS,n,1,287.65,7.41,N,3
39.854244,49.7859,303.49,0.32,0.55,2013-09-02,2148,N,VIIRS,n,1,289.87,10.6,N,3
39.859322,49.786472,309.76,0.32,0.55,2013-09-02,2148,N,VIIRS,n,1,289.86,10.6,N,3
39.857548,49.785038,305.72,0.32,0.55,2013-09-02,2148,N,VIIRS,n,1,289.66,9.56,N,3
39.856239,49.799461,305.6,0.49,0.65,2013-09-02,2330,N,VIIRS,n,1,277.76,11.25,N,3
39.859352,49.798462,353.08,0.49,0.65,2013-09-02,2330,N,VIIRS,n,1,283.04,11.37,N,3
39.860992,49.792984,367,0.49,0.65,2013-09-02,2330,N,VIIRS,h,1,280.47,11.37,N,3
39.85532,49.790131,336.41,0.49,0.65,2013-09-02,2330,N,VIIRS,n,1,283.51,11.37,N,3
39.85696,49.784657,299.15,0.49,0.65,2013-09-02,2330,N,VIIRS,n,1,278.17,6.06,N,3
39.853683,49.795609,322.54,0.49,0.65,2013-09-02,2330,N,VIIRS,n,1,276.75,11.37,N,3
39.862633,49.787514,302.87,0.49,0.65,2013-09-02,2330,N,VIIRS,n,1,272.64,6.06,N,3
39.859463,49.788471,329.39,0.49,0.65,2013-09-02,2330,N,VIIRS,n,1,283.06,13.26,N,3
39.857853,49.793961,367,0.49,0.65,2013-09-02,2330,N,VIIRS,h,1,287.75,11.25,N,3
39.860176,49.790066,335.31,0.52,0.41,2013-09-03,0912,N,VIIRS,n,1,294.28,14.1,D,3
39.856453,49.791325,341.68,0.52,0.41,2013-09-03,0912,N,VIIRS,n,1,302.48,14.1,D,3
39.85968,49.78558,355.47,0.57,0.69,2013-09-03,2130,N,VIIRS,n,1,288.17,34.57,N,3
39.859352,49.791283,345.3,0.57,0.69,2013-09-03,2130,N,VIIRS,n,1,289.74,26.08,N,3
39.859325,49.799461,318.73,0.57,0.69,2013-09-03,2130,N,VIIRS,n,1,287.22,11.26,N,3
39.859211,49.798241,322.3,0.57,0.69,2013-09-03,2130,N,VIIRS,n,1,287.01,26.08,N,3
39.85907,49.805187,303.92,0.57,0.69,2013-09-03,2130,N,VIIRS,n,1,287.25,3.25,N,3
39.859501,49.792522,344.1,0.57,0.69,2013-09-03,2130,N,VIIRS,n,1,290.43,34.57,N,3
39.859493,49.784325,339.93,0.57,0.69,2013-09-03,2130,N,VIIRS,n,1,288.05,44.79,N,3
39.859642,49.795086,301.18,0.57,0.52,2013-09-03,2312,N,VIIRS,n,1,284.46,1.3,N,3
39.856434,49.807949,297.25,0.57,0.52,2013-09-03,2312,N,VIIRS,n,1,284.88,1.66,N,3
39.859348,49.790154,353.73,0.56,0.69,2013-09-04,1036,N,VIIRS,n,1,293.43,22.58,D,3
39.858658,49.791183,354.1,0.56,0.69,2013-09-04,1036,N,VIIRS,n,1,294.1,19.73,D,3
39.859497,49.79694,367,0.56,0.69,2013-09-04,1036,N,VIIRS,h,1,298.27,45.63,D,3
39.858841,49.797966,367,0.56,0.69,2013-09-04,1036,N,VIIRS,h,1,296.84,19.73,D,3
39.860947,49.794987,329.13,0.51,0.41,2013-09-04,2254,N,VIIRS,n,1,295.78,5.17,N,3
39.857258,49.793713,328.38,0.51,0.41,2013-09-04,2254,N,VIIRS,n,1,299.51,61.68,N,3
39.858444,49.787903,305.82,0.51,0.41,2013-09-04,2254,N,VIIRS,n,1,292.98,6.8,N,3
39.858322,49.796177,342.01,0.63,0.54,2013-09-05,1018,N,VIIRS,n,1,292.7,19.51,D,3
39.860588,49.789112,301.22,0.38,0.36,2013-09-05,2236,N,VIIRS,n,1,282.34,1.29,N,3
39.86171,49.803379,304.21,0.38,0.36,2013-09-05,2236,N,VIIRS,n,1,287.03,1.06,N,3
39.859871,49.793568,330.78,0.38,0.36,2013-09-05,2236,N,VIIRS,n,1,292.76,6.7,N,3
39.85659,49.792675,333.43,0.38,0.36,2013-09-05,2236,N,VIIRS,n,1,283.63,2.75,N,3
39.855869,49.797134,299.17,0.38,0.36,2013-09-05,2236,N,VIIRS,n,1,282.49,2.75,N,3
39.85915,49.798023,306.81,0.38,0.36,2013-09-05,2236,N,VIIRS,n,1,284.71,6.7,N,3
39.857708,49.806942,299.37,0.38,0.36,2013-09-05,2236,N,VIIRS,n,1,286.15,1.06,N,3
39.858429,49.802486,303.69,0.38,0.36,2013-09-05,2236,N,VIIRS,n,1,286.35,1.06,N,3
39.862427,49.79892,307.79,0.38,0.36,2013-09-05,2236,N,VIIRS,n,1,288.63,6.7,N,3
39.863148,49.794464,312.46,0.38,0.36,2013-09-05,2236,N,VIIRS,n,1,287.49,6.7,N,3
39.863869,49.790005,302.52,0.38,0.36,2013-09-05,2236,N,VIIRS,n,1,283.77,1.29,N,3
39.866428,49.795357,301.59,0.38,0.36,2013-09-05,2236,N,VIIRS,n,1,287.42,2.76,N,3
39.856236,49.794125,333.3,0.39,0.36,2013-09-07,0936,N,VIIRS,n,1,296.19,2.7,D,3
39.85955,49.79332,346.39,0.39,0.36,2013-09-07,0936,N,VIIRS,n,1,299.22,35.49,D,3
39.85453,49.794369,299.68,0.53,0.5,2013-09-07,2154,N,VIIRS,n,1,286.42,1.65,N,3
39.855026,49.788109,301.06,0.53,0.5,2013-09-07,2154,N,VIIRS,n,1,285.95,2.02,N,3
39.862587,49.796108,310.29,0.58,0.7,2013-09-07,2336,N,VIIRS,n,1,289.86,19.25,N,3
39.860756,49.800438,305.05,0.58,0.7,2013-09-07,2336,N,VIIRS,n,1,289.22,21.47,N,3
39.854481,49.7994,319.82,0.58,0.7,2013-09-07,2336,N,VIIRS,n,1,289.6,19.25,N,3
39.856754,49.790653,367,0.58,0.7,2013-09-07,2336,N,VIIRS,h,1,291.17,22.06,N,3
39.856544,49.792892,367,0.58,0.7,2013-09-07,2336,N,VIIRS,h,1,294.03,19.25,N,3
39.85878,49.784119,318.86,0.58,0.7,2013-09-07,2336,N,VIIRS,n,1,289.43,22.06,N,3
39.860668,49.779873,305.85,0.58,0.7,2013-09-07,2336,N,VIIRS,n,1,289.54,16.82,N,3
39.858604,49.786381,331.07,0.58,0.7,2013-09-07,2336,N,VIIRS,n,1,289.6,16.82,N,3
39.854721,49.797192,341.16,0.58,0.7,2013-09-07,2336,N,VIIRS,n,1,290.48,21.47,N,3
39.862785,49.793896,307.61,0.58,0.7,2013-09-07,2336,N,VIIRS,n,1,289.22,22.06,N,3
39.858971,49.795387,347.27,0.48,0.48,2013-09-09,0900,N,VIIRS,n,1,297.25,79.52,D,3
39.858128,49.787861,304.42,0.4,0.37,2013-09-10,2242,N,VIIRS,n,1,281.77,1.01,N,3
39.857315,49.792507,334.96,0.4,0.37,2013-09-10,2242,N,VIIRS,n,1,282.48,8.4,N,3
39.861465,49.788853,300.72,0.4,0.37,2013-09-10,2242,N,VIIRS,n,1,281.52,1.01,N,3
39.860653,49.793495,334.51,0.4,0.37,2013-09-10,2242,N,VIIRS,n,1,284.29,8.4,N,3
39.860062,49.792332,367,0.41,0.6,2013-09-13,2324,N,VIIRS,h,1,292.58,19.04,N,3
39.861351,49.787731,316.21,0.41,0.6,2013-09-13,2324,N,VIIRS,n,1,287.2,19.04,N,3
39.862644,49.783127,302.07,0.41,0.6,2013-09-13,2324,N,VIIRS,n,1,288.51,2.92,N,3
39.857475,49.801544,301.77,0.41,0.6,2013-09-13,2324,N,VIIRS,n,1,283.55,12.18,N,3
39.854763,49.789803,304.07,0.41,0.6,2013-09-13,2324,N,VIIRS,n,1,281.76,1.45,N,3
39.858772,49.79694,339.35,0.41,0.6,2013-09-13,2324,N,VIIRS,n,1,289.2,12.18,N,3
39.858692,49.791138,341.9,0.4,0.44,2013-09-14,0906,N,VIIRS,n,1,305.81,47.34,D,3
39.859276,49.806301,307.64,0.69,0.74,2013-09-14,2124,N,VIIRS,n,1,288.16,12.91,N,3
39.857559,49.812805,300.65,0.69,0.74,2013-09-14,2124,N,VIIRS,n,1,288.02,1.95,N,3
39.857628,49.804356,310.5,0.69,0.74,2013-09-14,2124,N,VIIRS,n,1,288.16,1.95,N,3
39.85783,49.778961,303.25,0.69,0.74,2013-09-14,2124,N,VIIRS,n,1,288.08,31.2,N,3
39.859615,49.780941,311.47,0.69,0.74,2013-09-14,2124,N,VIIRS,n,1,288.21,41.47,N,3
39.85939,49.797859,338.3,0.69,0.74,2013-09-14,2124,N,VIIRS,n,1,288.91,12.91,N,3
39.859501,49.789406,355.29,0.69,0.74,2013-09-14,2124,N,VIIRS,n,1,293.82,41.47,N,3
39.857697,49.795902,354.49,0.69,0.74,2013-09-14,2124,N,VIIRS,n,1,289,42.22,N,3
39.857765,49.787437,367,0.69,0.74,2013-09-14,2124,N,VIIRS,h,1,293.1,42.22,N,3
39.860756,49.791241,341.4,0.47,0.48,2013-09-14,2306,N,VIIRS,n,1,295.26,26.7,N,3
39.856499,49.789555,313.41,0.47,0.48,2013-09-14,2306,N,VIIRS,n,1,291.74,26.7,N,3
39.855244,49.794941,310.75,0.47,0.48,2013-09-14,2306,N,VIIRS,n,1,291.74,26.7,N,3
39.859074,49.790321,355.52,0.35,0.56,2013-09-15,0848,N,VIIRS,n,1,301.93,12.53,D,3
39.860115,49.794247,342.45,0.35,0.56,2013-09-15,0848,N,VIIRS,n,1,293.25,12.53,D,3
39.856323,49.7934,367,0.46,0.64,2013-09-15,1030,N,VIIRS,h,1,298.52,20.71,D,3
39.863182,49.793362,309.67,0.44,0.39,2013-09-15,2248,N,VIIRS,n,1,292.95,14.58,N,3
39.859707,49.792248,327.48,0.44,0.39,2013-09-15,2248,N,VIIRS,n,1,298.98,14.58,N,3
39.858738,49.79734,305.43,0.44,0.39,2013-09-15,2248,N,VIIRS,n,1,293.93,14.58,N,3
39.856232,49.79113,306.41,0.44,0.39,2013-09-15,2248,N,VIIRS,n,1,293.63,1.42,N,3
39.859081,49.792423,367,0.59,0.7,2013-09-16,0830,N,VIIRS,h,1,294.66,21.66,D,3
39.858173,49.793034,331.33,0.39,0.36,2013-09-16,2230,N,VIIRS,n,1,306.28,31.37,N,3
39.861485,49.793858,304.79,0.39,0.36,2013-09-16,2230,N,VIIRS,n,1,293.44,31.37,N,3
39.859459,49.794632,337.71,0.46,0.39,2013-09-17,0948,N,VIIRS,n,1,297.97,20.63,D,3
39.855957,49.794827,304.71,0.55,0.43,2013-09-17,2212,N,VIIRS,n,1,293.97,16.04,N,3
39.860554,49.789066,333.76,0.55,0.43,2013-09-17,2212,N,VIIRS,n,1,302.31,16.04,N,3
39.859879,49.79554,316.16,0.55,0.43,2013-09-17,2212,N,VIIRS,n,1,295.39,16.04,N,3
39.856632,49.788361,312.39,0.55,0.43,2013-09-17,2212,N,VIIRS,n,1,294.03,16.04,N,3
39.861874,49.795387,305.76,0.32,0.55,2013-09-18,2148,N,VIIRS,n,1,289.74,1.29,N,3
39.85656,49.798622,304.37,0.32,0.55,2013-09-18,2148,N,VIIRS,n,1,290.23,4.06,N,3
39.856804,49.794807,332.34,0.32,0.55,2013-09-18,2148,N,VIIRS,n,1,291.15,4.06,N,3
39.857048,49.790989,367,0.32,0.55,2013-09-18,2148,N,VIIRS,h,1,298.2,10.83,N,3
39.862118,49.791569,335.75,0.32,0.55,2013-09-18,2148,N,VIIRS,n,1,292.12,2.55,N,3
39.857292,49.78717,307.05,0.32,0.55,2013-09-18,2148,N,VIIRS,n,1,290.38,10.83,N,3
39.85881,49.793121,367,0.49,0.65,2013-09-18,2330,N,VIIRS,h,1,292.77,11.51,N,3
39.860439,49.787624,305.69,0.49,0.65,2013-09-18,2330,N,VIIRS,n,1,289.11,11.51,N,3
39.857178,49.798615,329.3,0.49,0.65,2013-09-18,2330,N,VIIRS,n,1,289.56,11.31,N,3
39.859074,49.79211,335.53,0.51,0.41,2013-09-19,0912,N,VIIRS,n,1,300.01,15.38,D,3
39.855885,49.799892,305.15,0.57,0.69,2013-09-19,2130,N,VIIRS,n,1,288.96,7.48,N,3
39.862694,49.786327,339.04,0.57,0.69,2013-09-19,2130,N,VIIRS,n,1,289.61,9.4,N,3
39.862534,49.793274,337.84,0.57,0.69,2013-09-19,2130,N,VIIRS,n,1,289.25,3.93,N,3
39.86237,49.800209,301.24,0.57,0.69,2013-09-19,2130,N,VIIRS,n,1,288.88,3.93,N,3
39.856205,49.786011,350.09,0.57,0.69,2013-09-19,2130,N,VIIRS,n,1,289.54,18.16,N,3
39.856045,49.792957,367,0.57,0.69,2013-09-19,2130,N,VIIRS,h,1,289.52,7.48,N,3
39.861828,49.79388,309.61,0.57,0.52,2013-09-19,2312,N,VIIRS,n,1,288.84,1.82,N,3
39.859814,49.801373,300.64,0.57,0.52,2013-09-19,2312,N,VIIRS,n,1,289.1,0.94,N,3
39.861431,49.794945,312,0.57,0.52,2013-09-19,2312,N,VIIRS,n,1,289.37,0.94,N,3
39.856846,49.793007,338.81,0.57,0.52,2013-09-19,2312,N,VIIRS,n,1,290.64,4.7,N,3
39.857243,49.791935,342.57,0.57,0.52,2013-09-19,2312,N,VIIRS,n,1,290.81,7.6,N,3
39.855656,49.798382,307.79,0.57,0.52,2013-09-19,2312,N,VIIRS,n,1,288.74,1.28,N,3
39.860245,49.800335,310.56,0.57,0.52,2013-09-19,2312,N,VIIRS,n,1,288.99,1.33,N,3
39.860134,49.796391,367,0.56,0.69,2013-09-20,1036,N,VIIRS,h,1,293.55,19.99,D,3
39.857441,49.798538,303.82,0.51,0.41,2013-09-20,2254,N,VIIRS,n,1,290.91,1.12,N,3
39.862328,49.793999,304.73,0.51,0.41,2013-09-20,2254,N,VIIRS,n,1,291.17,12.3,N,3
39.858639,49.792725,341.8,0.51,0.41,2013-09-20,2254,N,VIIRS,n,1,297,12.3,N,3
39.859833,49.786919,303.5,0.51,0.41,2013-09-20,2254,N,VIIRS,n,1,291.13,12.3,N,3
39.854954,49.791451,303.64,0.51,0.41,2013-09-20,2254,N,VIIRS,n,1,291.07,0.87,N,3
39.856285,49.793873,367,0.5,0.65,2013-09-21,0836,N,VIIRS,h,1,293.52,18.2,D,3
39.858841,49.793293,355.27,0.63,0.54,2013-09-21,1018,N,VIIRS,n,1,294.71,23.68,D,3
39.862495,49.786186,307.84,0.38,0.36,2013-09-21,2236,N,VIIRS,n,1,289.68,1.54,N,3
39.857777,49.794205,343.77,0.38,0.36,2013-09-21,2236,N,VIIRS,n,1,291.77,1.91,N,3
39.858498,49.789749,330.31,0.38,0.36,2013-09-21,2236,N,VIIRS,n,1,290.33,1.54,N,3
39.861057,49.795097,324.26,0.38,0.36,2013-09-21,2236,N,VIIRS,n,1,289.59,1.91,N,3
39.860336,49.799553,313.43,0.38,0.36,2013-09-21,2236,N,VIIRS,n,1,289.79,1.91,N,3
39.857056,49.79866,315.23,0.38,0.36,2013-09-21,2236,N,VIIRS,n,1,289.64,1.91,N,3
39.853779,49.797764,307.76,0.38,0.36,2013-09-21,2236,N,VIIRS,n,1,289.13,0.92,N,3
39.865059,49.791538,307.22,0.38,0.36,2013-09-21,2236,N,VIIRS,n,1,289.23,1.77,N,3
39.864338,49.795998,309.74,0.38,0.36,2013-09-21,2236,N,VIIRS,n,1,289.38,1.14,N,3
39.863617,49.800449,305.69,0.38,0.36,2013-09-21,2236,N,VIIRS,n,1,290.16,1.14,N,3
39.861774,49.790646,321.71,0.38,0.36,2013-09-21,2236,N,VIIRS,n,1,289.5,1.54,N,3
39.859219,49.785294,308.96,0.38,0.36,2013-09-21,2236,N,VIIRS,n,1,291.13,1.54,N,3
39.855221,49.788857,313.35,0.38,0.36,2013-09-21,2236,N,VIIRS,n,1,291.02,1.29,N,3
39.8545,49.793308,315.58,0.38,0.36,2013-09-21,2236,N,VIIRS,n,1,289.86,0.92,N,3
39.851936,49.78796,302.73,0.38,0.36,2013-09-21,2236,N,VIIRS,n,1,291.15,1.29,N,3
39.851215,49.792416,303.17,0.38,0.36,2013-09-21,2236,N,VIIRS,n,1,290.8,0.92,N,3
39.859615,49.804012,302.78,0.38,0.36,2013-09-21,2236,N,VIIRS,n,1,290.18,0.77,N,3
39.856335,49.803116,302.49,0.38,0.36,2013-09-21,2236,N,VIIRS,n,1,289.7,0.77,N,3
39.857834,49.795273,330.6,0.54,0.42,2013-09-22,0954,N,VIIRS,n,1,297.04,43,D,3
39.854645,49.79512,298.48,0.47,0.4,2013-09-22,2218,N,VIIRS,n,1,273.95,6.03,N,3
39.862583,49.791077,304.27,0.47,0.4,2013-09-22,2218,N,VIIRS,n,1,268.49,2.76,N,3
39.861931,49.7966,299.86,0.47,0.4,2013-09-22,2218,N,VIIRS,n,1,271.94,3.1,N,3
39.85894,49.790333,340.57,0.47,0.4,2013-09-22,2218,N,VIIRS,n,1,284.56,17.04,N,3
39.858288,49.79586,327.77,0.47,0.4,2013-09-22,2218,N,VIIRS,n,1,277.39,6.03,N,3
39.855293,49.789589,302.51,0.47,0.4,2013-09-22,2218,N,VIIRS,n,1,277.17,17.04,N,3
39.858269,49.793449,349.62,0.53,0.5,2013-09-23,2154,N,VIIRS,n,1,279.12,13.02,N,3
39.858765,49.787189,309.72,0.53,0.5,2013-09-23,2154,N,VIIRS,n,1,276.72,13.02,N,3
39.863667,49.794926,299.85,0.58,0.7,2013-09-23,2336,N,VIIRS,n,1,283.23,2.18,N,3
39.863297,49.791836,304.74,0.58,0.7,2013-09-23,2336,N,VIIRS,n,1,284.12,2.22,N,3
39.857628,49.79171,315.45,0.58,0.7,2013-09-23,2336,N,VIIRS,n,1,283.31,2.18,N,3
39.859291,49.782055,305.6,0.58,0.7,2013-09-23,2336,N,VIIRS,n,1,284.27,6.29,N,3
39.855225,49.795128,315.98,0.58,0.7,2013-09-23,2336,N,VIIRS,n,1,282.65,2.22,N,3
39.859688,49.785198,313.82,0.58,0.7,2013-09-23,2336,N,VIIRS,n,1,284.53,2.18,N,3
39.861267,49.798378,299.79,0.58,0.7,2013-09-23,2336,N,VIIRS,n,1,281.01,2.22,N,3
39.855556,49.798225,303.82,0.58,0.7,2013-09-23,2336,N,VIIRS,n,1,276.69,4.5,N,3
39.857262,49.788589,316.94,0.58,0.7,2013-09-23,2336,N,VIIRS,n,1,284.23,2.22,N,3
39.857765,49.796284,330.98,0.45,0.39,2013-09-24,0918,N,VIIRS,n,1,293.32,21.96,D,3
39.856789,49.791119,293.85,0.45,0.39,2013-09-24,0918,N,VIIRS,l,1,299.72,21.96,D,3
39.861698,49.794323,335.66,0.48,0.48,2013-09-25,0900,N,VIIRS,n,1,291.57,33.36,D,3
39.856113,49.790504,280.78,0.48,0.48,2013-09-25,0900,N,VIIRS,l,1,294.79,33.36,D,3
39.857399,49.79599,342.16,0.48,0.48,2013-09-25,0900,N,VIIRS,n,1,297.34,33.36,D,3
39.857967,49.795193,367,0.68,0.74,2013-09-25,1042,N,VIIRS,h,1,294.77,72.37,D,3
39.857048,49.795269,367,0.68,0.74,2013-09-25,1042,N,VIIRS,h,1,293.92,33.32,D,3
39.857857,49.786903,339.99,0.68,0.74,2013-09-25,1042,N,VIIRS,n,1,288.67,26.12,D,3
39.856976,49.78698,349.34,0.68,0.74,2013-09-25,1042,N,VIIRS,n,1,288.66,33.32,D,3
39.86034,49.796547,315.94,0.4,0.44,2013-09-25,2300,N,VIIRS,n,1,295.67,17.01,N,3
39.861328,49.792007,339.67,0.4,0.44,2013-09-25,2300,N,VIIRS,n,1,298.16,24.99,N,3
39.856388,49.795078,321.34,0.4,0.44,2013-09-25,2300,N,VIIRS,n,1,293.09,17.01,N,3
39.85738,49.790543,340.61,0.4,0.44,2013-09-25,2300,N,VIIRS,n,1,293.78,24.99,N,3
39.857677,49.787979,335.96,0.42,0.61,2013-09-26,0842,N,VIIRS,n,1,290.87,11.89,D,3
39.856281,49.790367,357.02,0.41,0.61,2013-09-26,0842,N,VIIRS,n,1,296.73,10.52,D,3
39.858978,49.792679,367,0.42,0.61,2013-09-26,0842,N,VIIRS,h,1,299.44,11.89,D,3
39.857609,49.795055,349.34,0.41,0.61,2013-09-26,0842,N,VIIRS,n,1,290.53,10.52,D,3
39.857788,49.78904,344.57,0.38,0.59,2013-09-26,1024,N,VIIRS,n,1,290.98,17.88,D,3
39.858021,49.79361,367,0.38,0.59,2013-09-26,1024,N,VIIRS,h,1,304.63,54.69,D,3
39.860683,49.794701,338.34,0.42,0.38,2013-09-27,2224,N,VIIRS,n,1,296.05,15.89,N,3
39.857243,49.793926,344.72,0.42,0.38,2013-09-27,2224,N,VIIRS,n,1,289.1,15.89,N,3
39.857895,49.789036,308.86,0.42,0.38,2013-09-27,2224,N,VIIRS,n,1,287.5,5.85,N,3
39.861332,49.78981,305.37,0.42,0.38,2013-09-27,2224,N,VIIRS,n,1,289.93,5.85,N,3
39.860806,49.791523,340.98,0.44,0.46,2013-09-28,2206,N,VIIRS,n,1,302.49,27.29,N,3
39.856541,49.790848,340.62,0.44,0.46,2013-09-28,2206,N,VIIRS,n,1,291.3,27.29,N,3
39.856071,49.796009,310.23,0.44,0.46,2013-09-28,2206,N,VIIRS,n,1,290.32,7.35,N,3
39.860332,49.796684,318.1,0.44,0.46,2013-09-28,2206,N,VIIRS,n,1,290.34,7.35,N,3
39.86095,49.796864,308.47,0.39,0.59,2013-09-29,2142,N,VIIRS,n,1,276.64,10.53,N,3
39.855427,49.796349,306.12,0.39,0.59,2013-09-29,2142,N,VIIRS,n,1,283.62,10.53,N,3
39.855885,49.787018,301.83,0.39,0.59,2013-09-29,2142,N,VIIRS,n,1,274.31,14.53,N,3
39.861179,49.792198,351.08,0.39,0.59,2013-09-29,2142,N,VIIRS,n,1,286.49,10.53,N,3
39.861412,49.787533,319.97,0.39,0.59,2013-09-29,2142,N,VIIRS,n,1,273.58,14.53,N,3
39.855656,49.791683,367,0.39,0.59,2013-09-29,2142,N,VIIRS,h,1,282,10.53,N,3
39.857601,49.797817,309.38,0.41,0.6,2013-09-29,2324,N,VIIRS,n,1,275.13,3.61,N,3
39.858902,49.793224,351.17,0.41,0.6,2013-09-29,2324,N,VIIRS,n,1,274.9,6.88,N,3
39.859489,49.792065,344.84,0.4,0.44,2013-09-30,0906,N,VIIRS,n,1,294.71,48.35,D,3
39.855495,49.793514,345.55,0.4,0.44,2013-09-30,0906,N,VIIRS,n,1,289.89,6.86,D,3
39.85881,49.793083,344.58,0.44,0.39,2013-10-01,2248,N,VIIRS,n,1,300.45,48.8,N,3
39.862289,49.794197,303.42,0.44,0.39,2013-10-01,2248,N,VIIRS,n,1,291.3,1.42,N,3
39.860359,49.788044,343.01,0.59,0.7,2013-10-02,0830,N,VIIRS,n,1,290.94,9.19,D,3
39.861523,49.792858,350.43,0.59,0.7,2013-10-02,0830,N,VIIRS,n,1,290.82,14.14,D,3
39.859421,49.786221,343.98,0.59,0.7,2013-10-02,0830,N,VIIRS,n,1,290.96,9.49,D,3
39.858387,49.794991,339.62,0.52,0.5,2013-10-02,1012,N,VIIRS,n,1,301.45,17.42,D,3
39.857193,49.793365,350.75,0.52,0.5,2013-10-02,1012,N,VIIRS,n,1,298.3,13.6,D,3
39.858814,49.789051,303.2,0.39,0.36,2013-10-02,2230,N,VIIRS,n,1,293.09,21.61,N,3
39.858143,49.793587,326.95,0.39,0.36,2013-10-02,2230,N,VIIRS,n,1,300.62,21.61,N,3
39.858818,49.79528,333.04,0.47,0.39,2013-10-03,0948,N,VIIRS,n,1,297.44,14.94,D,3
39.858311,49.788067,322.43,0.55,0.43,2013-10-03,2212,N,VIIRS,n,1,289.08,1.27,N,3
39.853706,49.793827,310.96,0.55,0.43,2013-10-03,2212,N,VIIRS,n,1,289.58,1.46,N,3
39.854385,49.787361,309.5,0.55,0.43,2013-10-03,2212,N,VIIRS,n,1,288.56,1.46,N,3
39.856953,49.801003,306.07,0.55,0.43,2013-10-03,2212,N,VIIRS,n,1,289.27,0.92,N,3
39.862232,49.788776,312.09,0.55,0.43,2013-10-03,2212,N,VIIRS,n,1,288.99,1.27,N,3
39.857632,49.794537,304.16,0.55,0.43,2013-10-03,2212,N,VIIRS,n,1,287.56,1.27,N,3
39.861553,49.79525,305.08,0.55,0.43,2013-10-03,2212,N,VIIRS,n,1,287.75,1.27,N,3
39.860874,49.801712,302.22,0.55,0.43,2013-10-03,2212,N,VIIRS,n,1,288.94,0.92,N,3
39.859207,49.793087,332.46,0.39,0.36,2013-10-04,0930,N,VIIRS,n,1,300.97,68.07,D,3
39.860382,49.792416,331.42,0.47,0.4,2013-10-08,2218,N,VIIRS,n,1,298.9,26.08,N,3
39.856739,49.791676,344.5,0.47,0.4,2013-10-08,2218,N,VIIRS,n,1,290.82,26.08,N,3
39.858528,49.793346,331.94,0.39,0.36,2013-10-09,0936,N,VIIRS,n,1,295.01,4.89,D,3
39.859756,49.793781,351.31,0.53,0.5,2013-10-09,2200,N,VIIRS,n,1,297.5,19.07,N,3
39.858303,49.798397,334.73,0.58,0.7,2013-10-09,2336,N,VIIRS,n,1,289.16,33.12,N,3
39.862438,49.785404,302.06,0.58,0.7,2013-10-09,2336,N,VIIRS,n,1,283.82,25.2,N,3
39.8615,49.78635,295.92,0.58,0.7,2013-10-09,2336,N,VIIRS,n,1,283.29,9.58,N,3
39.859463,49.792877,367,0.58,0.7,2013-10-09,2336,N,VIIRS,h,1,290.5,17.2,N,3
39.860374,49.791897,367,0.58,0.7,2013-10-09,2336,N,VIIRS,h,1,289.53,25.2,N,3
39.857422,49.799404,352.27,0.58,0.7,2013-10-09,2336,N,VIIRS,n,1,288.65,17.2,N,3
39.860367,49.791893,332.19,0.45,0.39,2013-10-10,0918,N,VIIRS,n,1,291.78,7.24,D,3
39.856861,49.792995,332.09,0.45,0.39,2013-10-10,0918,N,VIIRS,n,1,299.96,9.72,D,3
39.856861,49.793068,341.35,0.47,0.64,2013-10-10,2136,N,VIIRS,n,1,292.68,11.47,N,3
39.857086,49.787376,367,0.47,0.64,2013-10-10,2136,N,VIIRS,h,1,288.36,33.25,N,3
39.858452,49.791977,348.2,0.47,0.64,2013-10-10,2136,N,VIIRS,n,1,296.15,20.96,N,3
39.856411,49.804443,299.75,0.47,0.64,2013-10-10,2136,N,VIIRS,n,1,287.16,1.91,N,3
39.858646,49.786274,332.84,0.47,0.64,2013-10-10,2136,N,VIIRS,n,1,287.94,20.96,N,3
39.858257,49.797672,316.63,0.47,0.64,2013-10-10,2136,N,VIIRS,n,1,287.44,3.57,N,3
39.862862,49.79348,305.06,0.47,0.64,2013-10-10,2136,N,VIIRS,n,1,287.61,11.47,N,3
39.856636,49.798759,315.99,0.47,0.64,2013-10-10,2136,N,VIIRS,n,1,287.4,11.47,N,3
39.858063,49.803368,299.17,0.47,0.64,2013-10-10,2136,N,VIIRS,n,1,286.96,3.57,N,3
39.856758,49.793198,367,0.34,0.56,2013-10-10,2318,N,VIIRS,h,1,295.25,7.87,N,3
39.861698,49.795422,323.7,0.34,0.56,2013-10-10,2318,N,VIIRS,n,1,290.27,7.87,N,3
39.855743,49.797043,316.69,0.34,0.56,2013-10-10,2318,N,VIIRS,n,1,288.56,7.87,N,3
39.857773,49.789345,314.3,0.34,0.56,2013-10-10,2318,N,VIIRS,n,1,288.27,11.46,N,3
39.857407,49.793373,353.65,0.48,0.48,2013-10-11,0900,N,VIIRS,n,1,295.38,14.59,D,3
39.854832,49.792866,332.75,0.68,0.74,2013-10-11,1042,N,VIIRS,n,1,287.98,4.97,D,3
39.860306,49.795021,367,0.68,0.74,2013-10-11,1042,N,VIIRS,h,1,292.79,16.08,D,3
39.862186,49.796234,303.31,0.4,0.44,2013-10-11,2300,N,VIIRS,n,1,290.65,0.92,N,3
39.858238,49.794769,338.67,0.4,0.44,2013-10-11,2300,N,VIIRS,n,1,303.91,31.47,N,3
39.85923,49.790237,328.95,0.4,0.44,2013-10-11,2300,N,VIIRS,n,1,291.61,31.47,N,3
39.855427,49.791054,329.52,0.42,0.61,2013-10-12,0842,N,VIIRS,n,1,292.54,3.37,D,3
39.860703,49.797207,347.88,0.38,0.59,2013-10-12,1024,N,VIIRS,n,1,291.79,13.78,D,3
39.860474,49.792641,357.33,0.38,0.59,2013-10-12,1024,N,VIIRS,n,1,296.24,13.97,D,3
39.859531,49.789879,312.56,0.4,0.37,2013-10-12,2242,N,VIIRS,n,1,291.2,11.98,N,3
39.858692,49.794632,343.49,0.4,0.37,2013-10-12,2242,N,VIIRS,n,1,302.38,30.48,N,3
39.860256,49.794239,325.98,0.7,0.75,2013-10-13,0824,N,VIIRS,n,1,287.64,5.69,D,3
39.858788,49.792725,356.38,0.43,0.46,2013-10-13,1006,N,VIIRS,n,1,294.36,11.83,D,3
39.857212,49.793396,330.7,0.42,0.38,2013-10-13,2224,N,VIIRS,n,1,291.38,18.26,N,3
39.860649,49.794174,337.05,0.42,0.38,2013-10-13,2224,N,VIIRS,n,1,291.92,18.26,N,3
39.858154,49.79126,329.38,0.41,0.37,2013-10-14,0942,N,VIIRS,n,1,295.09,14.01,D,3
39.861675,49.789307,299.34,0.44,0.46,2013-10-14,2206,N,VIIRS,n,1,287.5,6.13,N,3
39.861191,49.794479,329.69,0.44,0.46,2013-10-14,2206,N,VIIRS,n,1,289.36,8.03,N,3
39.856926,49.793808,331.5,0.44,0.46,2013-10-14,2206,N,VIIRS,n,1,293.01,8.03,N,3
39.857407,49.788631,313.97,0.44,0.46,2013-10-14,2206,N,VIIRS,n,1,288.03,6.13,N,3
39.856579,49.79351,367,0.69,0.74,2013-10-14,2342,N,VIIRS,h,1,287.54,17.16,N,3
39.860806,49.78117,300.65,0.69,0.74,2013-10-14,2342,N,VIIRS,n,1,283.19,15.33,N,3
39.85321,49.804413,298.27,0.69,0.74,2013-10-14,2342,N,VIIRS,n,1,283.14,17.59,N,3
39.854008,49.801228,310.19,0.69,0.74,2013-10-14,2342,N,VIIRS,n,1,283.4,13.1,N,3
39.859142,49.785797,311.95,0.69,0.74,2013-10-14,2342,N,VIIRS,n,1,283.45,17.16,N,3
39.855743,49.796658,352.29,0.69,0.74,2013-10-14,2342,N,VIIRS,n,1,286.97,17.59,N,3
39.858276,49.78891,341.36,0.69,0.74,2013-10-14,2342,N,VIIRS,n,1,283.39,15.33,N,3
39.856804,49.793457,333.43,0.41,0.37,2013-10-15,0924,N,VIIRS,n,1,295.78,8.73,D,3
39.860161,49.79248,328.82,0.41,0.37,2013-10-15,0924,N,VIIRS,n,1,288.11,3.57,D,3
39.862694,49.794163,303.25,0.41,0.6,2013-10-15,2324,N,VIIRS,n,1,285.83,2.27,N,3
39.857399,49.79163,367,0.41,0.6,2013-10-15,2324,N,VIIRS,h,1,288.06,12.5,N,3
39.85611,49.796227,348.55,0.41,0.6,2013-10-15,2324,N,VIIRS,n,1,287.32,16.79,N,3
39.858681,49.787037,305.84,0.41,0.6,2013-10-15,2324,N,VIIRS,n,1,285.43,12.5,N,3
39.8573,49.791008,337.99,0.4,0.45,2013-10-16,0906,N,VIIRS,n,1,290.94,9.29,D,3
39.861279,49.795315,340.86,0.69,0.74,2013-10-16,2124,N,VIIRS,n,1,288.19,15.09,N,3
39.861359,49.786839,367,0.69,0.74,2013-10-16,2124,N,VIIRS,h,1,291.17,15.09,N,3
39.854282,49.79512,312.03,0.69,0.74,2013-10-16,2124,N,VIIRS,n,1,287.95,8.9,N,3
39.861195,49.803776,299.63,0.69,0.74,2013-10-16,2124,N,VIIRS,n,1,287.62,3.01,N,3
39.861954,49.792511,313.03,0.47,0.48,2013-10-16,2306,N,VIIRS,n,1,287.7,3.5,N,3
39.8522,49.79451,300.08,0.47,0.48,2013-10-16,2306,N,VIIRS,n,1,287.39,1.2,N,3
39.8577,49.790821,341.01,0.47,0.48,2013-10-16,2306,N,VIIRS,n,1,288.67,3.5,N,3
39.856457,49.7962,321.28,0.47,0.48,2013-10-16,2306,N,VIIRS,n,1,287.46,2.69,N,3
39.860706,49.79789,311.85,0.47,0.48,2013-10-16,2306,N,VIIRS,n,1,286.92,2.69,N,3
39.857449,49.790489,336.88,0.35,0.56,2013-10-17,0848,N,VIIRS,n,1,293.9,3.37,D,3
39.856525,49.792145,346.43,0.46,0.64,2013-10-17,1030,N,VIIRS,n,1,293.5,7.65,D,3
39.856743,49.797718,332.27,0.46,0.64,2013-10-17,1030,N,VIIRS,n,1,292.49,8.68,D,3
39.861702,49.793072,330.4,0.44,0.39,2013-10-17,2248,N,VIIRS,n,1,296.12,6.93,N,3
39.858223,49.791958,330.82,0.44,0.39,2013-10-17,2248,N,VIIRS,n,1,294.48,6.93,N,3
39.858944,49.793068,351.74,0.59,0.7,2013-10-18,0830,N,VIIRS,n,1,293.72,11.74,D,3
39.858902,49.791435,367,0.59,0.7,2013-10-18,0830,N,VIIRS,h,1,294.72,12.86,D,3
39.858841,49.792648,354.59,0.52,0.5,2013-10-18,1012,N,VIIRS,n,1,298.93,20.72,D,3
39.859596,49.790112,328.66,0.39,0.36,2013-10-18,2230,N,VIIRS,n,1,293.09,7.57,N,3
39.858929,49.794655,314.03,0.39,0.36,2013-10-18,2230,N,VIIRS,n,1,299.39,7.57,N,3
39.859283,49.792122,343.19,0.46,0.39,2013-10-19,0948,N,VIIRS,n,1,298.07,10.6,D,3
39.860691,49.792934,332.1,0.55,0.43,2013-10-19,2212,N,VIIRS,n,1,295.35,11.66,N,3
39.856762,49.792221,331.15,0.55,0.43,2013-10-19,2212,N,VIIRS,n,1,290.97,11.66,N,3
39.85788,49.794479,329.16,0.39,0.36,2013-10-20,0930,N,VIIRS,n,1,288.79,4.78,D,3
39.857651,49.792286,330.5,0.32,0.55,2013-10-20,2148,N,VIIRS,n,1,253.56,1.88,N,3
39.859955,49.793083,353.58,0.57,0.69,2013-10-21,2130,N,VIIRS,n,1,288.28,16.91,N,3
39.85907,49.793968,352.04,0.57,0.69,2013-10-21,2130,N,VIIRS,n,1,286.06,10.19,N,3
39.858925,49.80093,301.5,0.57,0.69,2013-10-21,2130,N,VIIRS,n,1,284.48,10.19,N,3
39.859776,49.800041,304.09,0.57,0.69,2013-10-21,2130,N,VIIRS,n,1,284.47,4.54,N,3
39.859215,49.787003,367,0.57,0.69,2013-10-21,2130,N,VIIRS,h,1,287.81,29.19,N,3
39.860142,49.786121,351.96,0.57,0.69,2013-10-21,2130,N,VIIRS,n,1,285.68,16.91,N,3
39.857433,49.794865,342.11,0.56,0.52,2013-10-21,2312,N,VIIRS,n,1,293.58,27.8,N,3
39.859024,49.788448,310.31,0.56,0.52,2013-10-21,2312,N,VIIRS,n,1,287.35,15.71,N,3
