id_Key,Date_Proc,Lat_GMTCO,Lon_GMTCO,Date_Mscan,Temp_BB,Temp_Bkg,ESF_BB,RHI,RH,Area_Pixel,Area_BB,Cloud_Mask,QF_Fit,QF_Detect,Rad_DNB,Rad_M07,Rad_M08,Rad_M10,Rad_M11,Rad_M12,Rad_M13,Rad_M14,Rad_M15,Rad_M16,Dist,Satellite
x0497653E_y398695N_l0163_s2926_v21,2015-09-26 04:29:23.000,39.869514,49.765255,2013-09-02 23:34:03.103,1838.0,999999.0,1.92405e-06,1.24403,1.67106,1.34327,2.58451,0,1,1231,0.0197205,0.0689389,0.125932,0.173938,999999,0.248584,0.397264,6.32923,7.18629,6.54944,1349396.29280328,NOAA-20
x0497652E_y398646N_l2601_s2492_v21,2015-09-26 05:01:23.000,39.864552,49.76524,2013-09-03 23:15:21.639,1892.0,999999.0,1.91895e-06,1.39515,1.70791,1.22418,2.34914,3,1,1741,0.0239665,0.0840414,0.156152,0.197419,999999,0.241496,0.425777,6.8929,7.71614,7.23427,1349864.10615709,NOAA-20
x0497671E_y398721N_l1311_s0885_v21,2015-09-26 11:29:06.000,39.872074,49.767082,2013-09-12 22:06:30.819,1900.0,999999.0,2.29992e-06,1.69887,1.4438,0.84986,1.95461,3,1,2511,0.0276989,0.090338,0.210547,0.230032,999999,0.113919,0.227012,5.46009,6.44411,6.24673,1349237.00746955,NOAA-20
x0497685E_y398611N_l1316_s0886_v21,2015-09-26 11:29:06.000,39.861061,49.768532,2013-09-12 22:06:32.598,1883.0,999999.0,3.67693e-06,2.6196,2.22226,0.848319,3.11921,3,1,2509,0.0355916,0.134703,0.319338,0.35135,999999,0.157376,0.272614,5.66041,6.59568,6.30435,1350342.12863909,NOAA-20
x0497712E_y398756N_l0461_s1809_v21,2015-09-26 20:36:46.000,39.875645,49.771229,2013-09-26 22:44:26.590,1810.0,999999.0,1.64912e-06,1.00269,0.617788,0.616132,1.01608,3,1,461,0.017486,0.0582167,0.089669,0.14263,999999,0.169585,0.32573,6.34724,7.20414,6.85959,1349087.02227607,NOAA-20
x0497691E_y398450N_l2056_s0445_v21,2015-10-04 09:47:56.000,39.84502,49.769146,2013-10-15 21:48:01.977,1904.0,999999.0,2.22973e-06,1.66095,1.63424,0.983918,2.19387,3,1,2509,0.02033,0.082896,0.219613,0.216987,999999,0.186916,0.295386,5.91701,6.90758,6.48518,1351884.73714876,NOAA-20
x0496967E_y398580N_l0509_s0161_v21,2015-09-26 05:10:13.000,39.857971,49.696663,2013-09-03 21:34:46.363,1953.0,999999.0,8.39585e-07,0.691951,1.20301,1.73858,1.45969,0,1,459,0.00837599,0.0322554,0.0957129,0.0917545,999999,0.224734,0.374192,5.9572,6.85622,6.31391,1347402.55046909,NOAA-20
x0497159E_y398629N_l2062_s0163_v21,2015-10-04 01:11:53.000,39.862934,49.715942,2013-10-05 21:35:14.669,2020.0,999999.0,1.2534e-06,1.18407,2.04892,1.73041,2.1689,0,1,2511,0.0159123,0.0839949,0.177306,0.15698,999999,0.0881554,0.177285,4.76555,5.79369,5.70264,1347798.56459259,NOAA-20
x0496975E_y398646N_l2070_s0162_v21,2015-10-04 01:11:53.000,39.864552,49.697456,2013-10-05 21:35:16.448,1968.0,999999.0,1.09282e-06,0.928911,1.6105,1.73375,1.89468,3,1,2507,0.0181145,0.0440126,0.125932,0.126976,999999,0.0842236,0.172465,4.72696,5.77678,5.67582,1346815.58329474,NOAA-20
x0497115E_y398642N_l2070_s0163_v21,2015-10-04 01:11:53.000,39.864216,49.711491,2013-10-05 21:35:16.448,1966.0,999999.0,1.09823e-06,0.930546,1.60942,1.72954,1.89943,3,1,2511,0.0159123,0.0584899,0.125932,0.126976,999999,0.0858791,0.177372,4.73275,5.78868,5.68618,1347477.41996756,NOAA-20
x0497575E_y398462N_l2603_s2492_v21,2015-09-26 05:01:23.000,39.846233,49.757507,2013-09-03 23:15:21.639,1850.0,999999.0,1.21151e-06,0.805364,0.985909,1.22418,1.4831,3,1,1221,0.0128171,0.0371965,0.0534055,0.107409,999999,0.225407,0.41122,6.84499,7.68295,7.22073,1351246.09832827,NOAA-20
x0497570E_y398642N_l0551_s0444_v21,2015-09-26 12:12:57.000,39.864166,49.75703,2013-09-13 21:47:36.910,1800.0,999999.0,6.61215e-06,3.9359,3.8774,0.985135,6.51386,3,1,2509,0.0461343,0.17632,0.409997,0.520935,999999,0.23146,0.342727,6.10769,7.12647,6.72231,1349530.58276926,NOAA-20
x0497637E_y398711N_l2520_s2790_v21,2015-09-26 12:01:35.000,39.871075,49.763733,2013-09-13 23:27:59.733,1953.0,999999.0,9.00343e-07,0.742174,0.771411,1.03939,0.935812,0,1,1225,0.0178751,0.0331157,0.0957129,0.103495,999999,0.313873,0.487378,7.38648,8.26573,7.62461,1349180.29541488,NOAA-20
x0497580E_y398586N_l2855_s0630_v21,2015-10-04 00:14:56.000,39.858566,49.758038,2013-10-04 21:54:13.893,1969.0,999999.0,3.5463e-06,3.02338,2.24407,0.742238,2.63219,3,1,3533,0.0425522,0.153603,0.470436,0.374831,999999,0.124783,0.250576,5.67135,6.64578,6.44615,1350104.90104883,NOAA-20
x0497778E_y398427N_l0417_s1963_v21,2015-09-21 01:38:30.000,39.842674,49.777813,2013-08-30 22:50:18.458,2065.0,999999.0,3.93108e-07,0.404973,0.28748,0.709876,0.279058,0,1,3717,0.00769414,0.0306595,0.0503835,0.0578375,999999,0.355208,0.633224,8.19999,8.908,8.24704,1352496.7821478,NOAA-20
x0497989E_y398397N_l2637_s2375_v21,2015-09-26 23:04:54.000,39.839733,49.798939,2013-09-30 23:09:31.648,1941.0,999999.0,1.15887e-06,0.932742,0.884324,0.948091,1.09871,0,1,1741,0.0239521,0.0703686,0.0957129,0.143935,999999,0.204765,0.36658,6.61284,7.52919,7.04229,1353727.04283137,NOAA-20
x0498693E_y398546N_l2781_s0172_v21,2015-09-20 12:08:07.000,39.85463,49.86932,2013-08-18 21:34:27.985,1690.0,999999.0,2.22151e-06,1.02671,1.73879,1.69356,3.76228,3,1,459,0.00388518,0.0183748,0.0957129,0.123063,999999,0.233012,0.374361,5.84434,6.77887,6.18778,1355506.45295055,NOAA-20
x0498740E_y398547N_l2789_s0173_v21,2015-09-20 12:08:07.000,39.854744,49.873974,2013-08-18 21:34:29.764,2025.0,999999.0,6.89319e-07,0.656872,1.11018,1.6901,1.16502,3,1,463,0.00388518,0.0543931,0.0926909,0.0904501,999999,0.269122,0.423251,6.39965,7.36666,6.74329,1355706.87898929,NOAA-20
x0498413E_y398569N_l2784_s1169_v21,2015-09-20 15:38:32.000,39.856861,49.841312,2013-08-21 22:18:42.887,1870.0,999999.0,1.37424e-06,0.952725,0.741893,0.778706,1.07013,3,1,1165,0.0113882,0.0633175,0.0926909,0.140021,999999,0.234305,0.39574,6.44788,7.27553,6.67345,1354026.74539598,NOAA-20
x0498524E_y398600N_l2027_s0068_v21,2015-09-21 00:24:00.000,39.860023,49.85239,2013-08-29 21:28:21.083,1539.0,999999.0,4.57338e-06,1.45356,3.22977,2.22197,10.1619,0,1,1163,0.0103803,0.0380741,0.0987349,0.151762,999999,0.30306,0.465211,7.0466,8.03556,7.43528,1354230.6817715,NOAA-20
x0498454E_y398516N_l2050_s1321_v21,2015-09-26 10:34:56.000,39.851643,49.845413,2013-09-11 22:25:24.728,2139.0,999999.0,3.11417e-07,0.369766,0.24086,0.651384,0.202852,3,1,453,0.00938798,0.0359735,0.0473615,0.0526195,999999,0.186916,0.344271,6.25463,7.08921,6.59963,1354704.29707461,NOAA-20
x0498518E_y398584N_l2519_s2799_v21,2015-09-26 12:01:35.000,39.858437,49.851803,2013-09-13 23:27:59.733,1662.0,999999.0,3.34232e-06,1.44507,1.5258,1.05586,3.52903,0,1,2505,0.0193522,0.0364318,0.122911,0.172634,999999,0.240461,0.384443,6.65174,7.60998,7.06645,1354353.51308913,NOAA-20
x0498614E_y398452N_l2429_s2932_v21,2015-10-04 13:59:02.000,39.845215,49.861431,2013-10-20 23:34:39.628,2057.0,999999.0,8.90057e-07,0.902777,1.22857,1.36088,1.21126,3,1,2509,0.0168375,0.0630065,0.147086,0.115236,999999,0.0684446,0.126075,4.10477,5.20778,5.13146,1356035.77235515,NOAA-20
x0498693E_y398479N_l2436_s2933_v21,2015-10-04 13:59:02.000,39.847881,49.86927,2013-10-20 23:34:41.407,1866.0,999999.0,1.40177e-06,0.964321,1.31533,1.36399,1.912,3,1,2441,0.0113991,0.0389889,0.113845,0.129585,999999,0.06234,0.12416,4.05557,5.1583,5.1065,1356139.94647977,NOAA-20
x0498635E_y398365N_l2437_s2933_v21,2015-10-04 13:59:02.000,39.836514,49.863499,2013-10-20 23:34:41.407,2097.0,999999.0,6.14878e-07,0.673671,0.918862,1.36396,0.838671,3,1,1221,0.0157701,0.0598385,0.0352737,0.0956681,999999,0.0689102,0.132118,4.06908,5.16926,5.08553,1356949.49135094,NOAA-20
x0497936E_y398614N_l0492_s0630_v21,2015-09-20 11:11:14.000,39.861362,49.793613,2013-08-17 21:53:25.451,1580.0,296.0,0.000541728,191.616,142.277,0.74251,402.239,0,34,16365,0.744594,3.85571,13.6401,21.496,999999,3.39,7.18584,9.54309,9.74537,8.79883,1351445.28019136,NOAA-20
x0497893E_y398572N_l2412_s2925_v21,2015-09-20 11:05:40.000,39.857204,49.789272,2013-08-17 23:33:42.936,1474.0,291.0,0.000284982,76.1882,102.187,1.34124,382.23,0,34,16383,0.0499789,0.821435,4.00613,7.69699,999999,3.39,3.29123,8.28649,8.90111,8.255,1351641.70887212,NOAA-20
x0497958E_y398589N_l2419_s2926_v21,2015-09-20 11:05:40.000,39.858875,49.795757,2013-08-17 23:33:44.715,1515.0,292.0,0.000196691,58.6902,78.8902,1.34418,264.389,0,34,16383,0.414899,0.688458,3.68278,6.0455,999999,3.39,2.75203,8.28552,8.89266,8.22526,1351776.76733056,NOAA-20
x0497908E_y398569N_l2789_s0167_v21,2015-09-20 12:08:07.000,39.856873,49.790752,2013-08-18 21:34:29.764,1719.0,268.0,2.75393e-05,13.6451,23.3958,1.7146,47.219,3,34,16383,0.208176,0.342001,1.28939,1.74977,999999,0.630694,0.530287,4.91764,5.77115,5.21484,1351739.74567103,NOAA-20
x0497930E_y398556N_l1786_s2492_v21,2015-09-20 12:14:53.000,39.855583,49.793034,2013-08-18 23:15:03.263,1614.0,289.0,0.00137334,528.952,647.721,1.22454,1681.7,0,34,16365,0.0840301,10.3453,39.9584,63.2204,999999,3.39,14.5542,9.76367,9.78577,8.80414,1351964.49478682,NOAA-20
x0497886E_y398581N_l1129_s2097_v21,2015-09-20 13:31:38.000,39.85807,49.788605,2013-08-19 22:56:20.031,1786.0,41.0,0.000518172,299.002,258.021,0.86294,447.152,0,34,16365,0.351751,11.9914,33.7604,36.8108,999999,2.33798,8.89177,9.49357,9.52491,8.62171,1351529.87219358,NOAA-20
x0497938E_y398604N_l0443_s1643_v21,2015-09-20 14:39:02.000,39.86042,49.793846,2013-08-20 22:37:33.239,1725.0,293.0,0.000534075,268.2,154.854,0.577383,308.366,0,34,16365,2.43797,8.81161,25.2928,34.0218,999999,2.39023,8.27127,9.22573,9.40529,8.45416,1351544.68928567,NOAA-20
x0497970E_y398620N_l2784_s1165_v21,2015-09-20 15:38:32.000,39.862022,49.797035,2013-08-21 22:18:42.887,1898.0,280.0,2.32363e-05,17.088,13.3851,0.783306,18.2011,3,34,16381,0.115395,0.737323,2.1718,2.47508,999999,0.452831,0.527463,6.37553,7.21572,6.47536,1351537.54495553,NOAA-20
x0497899E_y398599N_l2786_s1165_v21,2015-09-20 15:38:32.000,39.859901,49.789871,2013-08-21 22:18:44.666,1939.0,280.0,2.45609e-05,19.6682,15.4044,0.783215,19.2365,3,34,16317,0.0694661,0.960682,2.474,2.97209,999999,0.473628,0.542404,6.3675,7.24578,6.48943,1351414.20947595,NOAA-20
x0497956E_y398585N_l2042_s0749_v21,2015-09-20 16:49:30.000,39.858486,49.795567,2013-08-22 21:59:50.752,1862.0,11.0,0.000444524,302.936,338.572,1.11764,496.816,0,34,16365,6.46405,12.7644,36.2051,40.7113,999999,2.43814,6.05377,8.91254,9.18389,8.27678,1351804.89488482,NOAA-20
x0497933E_y398571N_l0840_s3039_v21,2015-09-20 16:57:01.000,39.857117,49.793297,2013-08-22 23:40:02.898,1828.0,13.0,0.000488931,309.713,535.64,1.72947,845.591,0,34,16365,5.62809,12.3917,34.3738,42.0275,999999,3.39,5.39396,8.20096,8.57856,7.76508,1351831.59706252,NOAA-20
x0497941E_y398543N_l1272_s0293_v21,2015-09-20 17:59:16.000,39.85434,49.794132,2013-08-23 21:40:55.056,1852.0,16.0,0.000427715,285.044,370.433,1.29957,555.845,0,34,15277,0.0497177,13.1788,32.5727,38.718,999999,3.39,5.53469,8.74759,9.13535,8.39069,1352131.36720663,NOAA-20
x0497932E_y398597N_l0219_s2625_v21,2015-09-20 18:06:20.000,39.859695,49.793236,2013-08-23 23:21:23.216,1874.0,294.0,0.000172698,120.783,96.5864,0.799672,138.102,0,34,16381,1.97157,5.57835,14.1901,16.955,999999,3.39,2.25988,8.8746,9.30853,8.4685,1351585.56083663,NOAA-20
x0497970E_y398583N_l2645_s2226_v21,2015-09-20 19:04:30.000,39.858288,49.797012,2013-08-24 23:02:41.755,1817.0,13.0,0.00043559,268.943,196.336,0.730029,317.994,0,34,16365,0.107631,10.7653,32.0469,34.1588,999999,1.90848,5.54169,9.13151,9.41562,8.60658,1351888.82787001,NOAA-20
x0497929E_y398617N_l1967_s1809_v21,2015-09-20 20:10:13.000,39.861671,49.792904,2013-08-25 22:43:54.956,1910.0,296.0,0.000147635,111.327,68.5952,0.616161,90.9667,0,34,16365,1.77641,6.14265,13.7791,15.3335,999999,2.11589,3.28516,9.30322,9.34892,8.32484,1351384.10862072,NOAA-20
x0497906E_y398622N_l1262_s1313_v21,2015-09-20 21:16:17.000,39.862156,49.790604,2013-08-26 22:25:06.379,1789.0,296.0,0.000337285,195.716,128.428,0.656197,221.325,0,34,16365,0.110025,8.70268,21.4459,25.1225,999999,2.24434,4.75029,9.44695,9.63045,8.77466,1351234.49665766,NOAA-20
x0497903E_y398588N_l0511_s0886_v21,2015-09-20 22:22:49.000,39.858772,49.79026,2013-08-27 22:06:14.246,1806.0,23.0,0.000402767,242.842,206.038,0.848444,341.725,0,34,16367,4.80345,10.2381,25.4832,32.2451,999999,3.39,5.94034,9.18618,9.51928,8.66048,1351538.3168746,NOAA-20
x0497944E_y398562N_l0515_s0887_v21,2015-09-20 22:22:49.000,39.856186,49.794361,2013-08-27 22:06:16.026,1785.0,293.0,0.000471903,271.915,230.235,0.846717,399.568,0,34,16367,0.105251,11.349,29.4389,35.3302,999999,2.39535,5.84319,9.16946,9.50456,8.64428,1351967.48995055,NOAA-20
x0497919E_y398604N_l2345_s3133_v21,2015-09-20 22:19:18.000,39.860439,49.791874,2013-08-27 23:46:21.056,1802.0,26.0,0.000425914,254.688,563.583,2.21283,942.477,0,34,16381,0.122355,10.4677,27.7738,34.0127,999999,3.39,3.37633,7.89388,8.66781,7.93742,1351453.86056927,NOAA-20
x0497887E_y398604N_l2823_s0446_v21,2015-09-20 23:19:24.000,39.860447,49.788666,2013-08-28 21:47:20.335,1782.0,288.0,0.000504365,288.555,283.379,0.982061,495.317,0,34,16365,3.35123,10.9324,29.3453,38.7206,999999,3.39,6.69476,8.43569,8.88138,8.02691,1351308.28935429,NOAA-20
x0497879E_y398557N_l1721_s2791_v21,2015-09-20 23:25:38.000,39.855717,49.787876,2013-08-28 23:27:43.158,1746.0,288.0,0.000379686,200.255,208.548,1.04141,395.41,0,34,16365,2.22586,8.35113,18.306,26.8758,999999,3.39,4.03383,8.2733,8.80873,8.01522,1351719.06156698,NOAA-20
x0497897E_y398620N_l1081_s2372_v21,2015-09-21 00:34:34.000,39.862022,49.789711,2013-08-29 23:09:01.698,1753.0,290.0,0.000407284,218.237,205.714,0.94262,383.914,0,34,16365,1.71861,7.70447,21.2192,28.809,999999,1.94656,5.34544,8.44823,8.9293,8.12064,1351206.82652921,NOAA-20
x0497907E_y398614N_l0413_s1963_v21,2015-09-21 01:38:30.000,39.861382,49.790661,2013-08-30 22:50:16.679,1772.0,293.0,0.000321311,179.689,127.546,0.709818,228.072,0,34,16365,0.481312,7.1331,18.3514,23.5936,999999,2.37006,4.83442,8.80193,9.23901,8.47275,1351310.10975069,NOAA-20
x0497963E_y398565N_l2790_s1477_v21,2015-09-21 02:36:05.000,39.856491,49.796349,2013-08-31 22:31:29.881,1877.0,295.0,0.00017247,121.267,71.5064,0.589659,101.698,0,34,16365,2.45081,5.51651,14.6162,16.5128,999999,1.46589,3.4017,8.96077,9.41093,8.64189,1352028.46072917,NOAA-20
x0497925E_y398567N_l2064_s1037_v21,2015-09-26 03:42:21.000,39.856701,49.792477,2013-09-01 22:12:37.753,1791.0,291.0,0.000448815,261.677,256.726,0.981081,440.324,0,34,16365,0.320255,10.7222,27.8162,34.6558,999999,3.39,6.07373,8.89293,9.14819,8.35485,1351833.84036433,NOAA-20
x0497868E_y398623N_l2066_s1037_v21,2015-09-26 03:42:21.000,39.862282,49.786819,2013-09-01 22:12:39.532,1768.0,290.0,0.000304417,168.738,165.523,0.980948,298.617,0,34,16365,0.616818,6.69612,16.6772,22.5448,999999,1.59792,4.02859,8.34179,8.80873,8.13737,1351051.74403871,NOAA-20
x0497949E_y398595N_l1309_s0633_v21,2015-09-26 04:26:47.000,39.859501,49.794899,2013-09-02 21:53:43.840,1885.0,289.0,0.00018614,133.202,98.4834,0.739355,137.624,0,34,16383,2.72187,5.82325,16.3901,18.3404,999999,3.39,2.73088,8.16719,8.58389,7.86333,1351678.95449545,NOAA-20
x0497881E_y398567N_l1315_s0633_v21,2015-09-26 04:26:47.000,39.856655,49.788097,2013-09-02 21:53:45.619,1689.0,287.0,0.000380194,175.263,129.566,0.739269,281.065,0,34,16383,0.333659,6.19382,15.0665,22.3818,999999,3.39,3.60434,8.06462,8.64871,7.92281,1351640.49904714,NOAA-20
x0497943E_y398573N_l0156_s2928_v21,2015-09-26 04:29:23.000,39.857342,49.794289,2013-09-02 23:34:01.324,1758.0,280.0,0.00022146,120.034,161.962,1.3493,298.817,3,34,16383,0.249867,3.87466,12.1382,15.961,999999,3.39,2.24463,6.84178,7.45059,6.72072,1351855.14756325,NOAA-20
x0497982E_y398599N_l0163_s2929_v21,2015-09-26 04:29:23.000,39.859882,49.798164,2013-09-02 23:34:03.103,1800.0,280.0,9.89065e-05,58.899,79.6068,1.35158,133.68,0,34,16383,0.170791,1.93483,6.55062,8.00225,999999,1.99783,1.31914,6.61316,7.31718,6.59963,1351790.44928555,NOAA-20
x0497946E_y398560N_l0509_s0168_v21,2015-09-26 05:10:13.000,39.856037,49.794598,2013-09-03 21:34:46.363,1828.0,285.0,0.000179386,113.695,194.349,1.70939,306.64,0,34,16383,1.55892,4.39102,12.7275,15.6166,999999,3.39,2.09954,7.48584,8.12011,7.51388,1351992.25049619,NOAA-20
x0497889E_y398563N_l0517_s0168_v21,2015-09-26 05:10:13.000,39.856335,49.788895,2013-09-03 21:34:48.142,1788.0,286.0,0.000232925,135.102,230.884,1.70896,398.059,0,34,16383,1.55892,4.91545,13.8577,18.4487,999999,3.39,2.62869,7.60642,8.21531,7.59673,1351706.71379823,NOAA-20
x0497909E_y398582N_l2601_s2494_v21,2015-09-26 05:01:23.000,39.85815,49.790894,2013-09-03 23:15:21.639,2022.0,283.0,1.03182e-05,9.78095,12.0316,1.23011,12.6926,3,34,14845,0.27544,0.628357,1.31356,1.51627,999999,0.318477,0.441204,6.65303,7.54672,7.12487,1351625.63584408,NOAA-20
x0497960E_y398548N_l1927_s2100_v21,2015-09-26 05:43:39.000,39.854824,49.795967,2013-09-04 22:56:38.396,1736.0,45.0,0.000374015,192.704,167.149,0.867384,324.414,0,34,16365,0.150896,7.35466,18.6929,24.3281,999999,1.76316,4.29168,8.75691,9.15351,8.4284,1352168.52634022,NOAA-20
x0497962E_y398611N_l1239_s1646_v21,2015-09-26 06:31:42.000,39.861092,49.796173,2013-09-05 22:37:51.593,1863.0,288.0,0.00018751,128.035,73.9544,0.577612,108.308,0,34,16365,1.7441,5.78559,15.1541,17.5094,999999,2.00326,2.82103,7.85497,8.35028,7.52026,1351586.36139003,NOAA-20
x0497978E_y398585N_l1644_s3041_v21,2015-09-26 07:49:17.000,39.85854,49.79776,2013-09-07 23:40:19.459,1846.0,288.0,0.000216975,142.879,248.182,1.737,376.885,0,34,16383,0.774035,6.07648,16.8495,19.4871,999999,3.39,2.29719,7.936,8.49401,7.84899,1351898.82823013,NOAA-20
x0497890E_y398608N_l1652_s3041_v21,2015-09-26 07:49:17.000,39.860783,49.788998,2013-09-07 23:40:21.238,1813.0,287.0,0.000217121,133.041,231.007,1.73636,377.0,0,34,16383,3.20768,5.03645,13.5767,18.7892,999999,3.39,2.49925,7.76655,8.43326,7.81315,1351291.56564097,NOAA-20
x0497953E_y398586N_l2756_s1812_v21,2015-09-26 09:54:05.000,39.858582,49.795334,2013-09-10 22:44:13.303,1925.0,279.0,0.000126192,98.1654,60.6011,0.617336,77.9027,3,34,16381,1.12508,4.86728,12.6278,14.2821,999999,1.78566,1.77207,6.45656,7.27741,6.79772,1351785.3153542,NOAA-20
x0497916E_y398542N_l2827_s0065_v21,2015-09-26 12:39:36.000,39.854225,49.791573,2013-09-14 21:28:37.666,1915.0,19.0,0.000236679,180.604,404.53,2.23987,530.13,0,34,16381,9.03062,8.12156,20.4758,26.744,999999,3.39,2.52069,7.60191,8.37314,7.68622,1352026.72061007,NOAA-20
x0497931E_y398580N_l1880_s2374_v21,2015-09-26 12:41:45.000,39.857994,49.793087,2013-09-14 23:09:18.282,1819.0,18.0,0.000389352,241.506,228.534,0.946287,368.439,0,34,16365,1.97757,10.6693,26.8763,31.8381,999999,3.39,5.07223,8.60353,9.00257,8.22579,1351739.35351025,NOAA-20
x0497953E_y398610N_l1210_s1965_v21,2015-09-26 13:28:06.000,39.860962,49.795349,2013-09-15 22:50:33.276,1778.0,293.0,0.000224665,127.372,90.6259,0.711505,159.85,0,34,16365,0.0384301,5.35503,13.2261,16.6093,999999,2.27409,3.84398,8.64437,9.1247,8.4199,1351561.41565461,NOAA-20
x0497912E_y398602N_l0497_s1478_v21,2015-09-26 14:10:20.000,39.860172,49.79118,2013-09-16 22:31:46.499,1801.0,294.0,0.000388261,231.875,136.682,0.589463,228.866,0,34,16365,0.0901131,9.7791,25.6645,30.2296,999999,2.33824,6.21765,9.21158,9.37805,8.58082,1351447.72575086,NOAA-20
x0497919E_y398583N_l2843_s1038_v21,2015-09-26 14:41:34.000,39.858253,49.791946,2013-09-17 22:12:54.354,1782.0,36.0,0.000306889,175.634,171.931,0.978919,300.42,0,34,16365,1.50466,7.35076,18.3514,22.6126,999999,2.36297,4.05634,8.92476,9.29475,8.58666,1351663.40285228,NOAA-20
x0497888E_y398546N_l2089_s0634_v21,2015-09-26 15:23:39.000,39.854637,49.788788,2013-09-18 21:54:00.445,1693.0,291.0,0.000117189,54.5696,40.2838,0.738209,86.5099,0,34,16381,0.504356,2.19755,4.29322,7.07083,999999,2.5622,2.09515,8.15755,8.73232,8.01124,1351862.15412679,NOAA-20
x0497889E_y398568N_l0936_s2929_v21,2015-09-26 15:29:05.000,39.856789,49.788925,2013-09-18 23:34:17.932,1676.0,289.0,8.48521e-05,37.9311,51.2795,1.35191,114.713,0,34,16381,0.0412549,1.36955,3.06026,4.76056,999999,1.99529,1.39929,7.64757,8.40414,7.7449,1351665.21735555,NOAA-20
x0497963E_y398527N_l1305_s0169_v21,2015-09-26 16:06:19.000,39.852715,49.796261,2013-09-19 21:35:02.999,1899.0,288.0,4.20965e-05,31.0351,52.9053,1.70469,71.7615,0,34,14845,0.397063,1.68942,3.53773,4.63142,999999,0.976125,0.926875,7.4823,8.36969,7.74039,1352380.8319004,NOAA-20
x0497953E_y398537N_l0302_s2495_v21,2015-09-26 16:15:21.000,39.853745,49.795254,2013-09-19 23:15:36.499,1849.0,287.0,2.68108e-05,17.779,21.9277,1.23335,33.0671,0,34,16383,0.14703,0.998701,1.69433,2.74902,999999,0.686567,0.675122,7.36815,8.22032,7.68277,1352238.16796255,NOAA-20
x0497878E_y398557N_l0307_s2495_v21,2015-09-26 16:15:21.000,39.855743,49.78775,2013-09-19 23:15:38.279,1898.0,288.0,3.8731e-05,28.4827,35.1236,1.23316,47.7615,0,34,16383,0.146948,1.56156,3.25668,4.31703,999999,0.757961,0.795743,7.48198,8.32648,7.75181,1351710.92192692,NOAA-20
x0497905E_y398611N_l2715_s2100_v21,2015-09-26 16:44:05.000,39.86108,49.790451,2013-09-20 22:56:53.286,1715.0,293.0,0.000136034,66.721,57.8772,0.867452,118.003,0,34,16365,0.120744,2.62644,6.0943,8.30489,999999,1.94382,2.82801,8.4971,8.87669,8.11931,1351329.1284738,NOAA-20
x0497968E_y398590N_l2027_s1647_v21,2015-09-26 17:22:20.000,39.858971,49.796799,2013-09-21 22:38:06.515,1943.0,289.0,6.01762e-05,48.6619,28.112,0.5777,34.7638,0,34,16381,0.843803,2.48918,6.4237,7.01735,999999,1.27127,1.16922,7.7524,8.45894,7.81633,1351814.7619606,NOAA-20
x0497872E_y398574N_l1294_s1167_v21,2015-09-26 18:01:53.000,39.857441,49.787197,2013-09-22 22:19:16.187,1780.0,275.0,0.00013669,77.7389,60.7074,0.780913,106.743,3,34,16365,1.48194,3.09953,7.69594,10.3243,999999,1.34613,2.52156,6.06621,6.55403,6.02208,1351525.69840948,NOAA-20
x0497900E_y398562N_l0550_s0751_v21,2015-09-26 18:39:45.000,39.856197,49.790009,2013-09-23 22:00:24.079,1890.0,272.0,0.000103663,74.9559,83.3956,1.1126,115.335,3,34,16381,1.75189,3.58912,8.53303,11.0326,999999,2.12401,1.48062,5.55913,6.31008,6.02076,1351770.01300357,NOAA-20
x0497901E_y398617N_l2428_s3041_v21,2015-09-26 18:32:03.000,39.861687,49.79007,2013-09-23 23:40:34.449,1921.0,282.0,1.99058e-05,15.3717,26.6962,1.73671,34.5706,0,34,16383,0.258046,0.806441,1.87263,2.27288,999999,0.557386,0.546577,6.60544,7.54234,6.94005,1351254.64675956,NOAA-20
x0497935E_y398593N_l2436_s3042_v21,2015-09-26 18:32:03.000,39.859268,49.793484,2013-09-23 23:40:36.228,1935.0,281.0,2.46182e-05,19.5878,34.0852,1.74013,42.8389,0,34,16383,0.258046,1.01017,2.5435,2.85208,999999,0.591117,0.557814,6.52891,7.4509,6.83331,1351637.05197954,NOAA-20
x0497969E_y398620N_l2843_s0295_v21,2015-09-26 19:07:21.000,39.861973,49.796936,2013-09-24 21:41:26.635,2059.0,999999.0,5.49154e-06,5.5997,7.24599,1.294,7.10602,3,1,2509,0.192272,0.395916,0.824005,0.784444,999999,0.258931,0.385453,6.00897,6.91823,5.98225,1351537.69666827,NOAA-20
x0497902E_y398540N_l2851_s0295_v21,2015-09-26 19:07:21.000,39.854034,49.790218,2013-09-24 21:41:28.414,1811.0,999999.0,8.0089e-06,4.88004,6.31395,1.29383,10.3622,0,1,2509,0.0138719,0.302397,0.455326,0.680084,999999,0.152203,0.250742,4.53532,5.38064,4.72731,1351983.59884399,NOAA-20
x0497890E_y398599N_l1143_s2228_v21,2015-09-26 19:54:20.000,39.859852,49.789001,2013-09-25 23:03:13.364,1752.0,292.0,0.000248214,132.58,97.0778,0.73222,181.747,0,34,16365,2.02745,4.7805,12.661,17.3777,999999,1.85908,4.1833,8.51768,9.06489,8.33148,1351379.563476,NOAA-20
x0497968E_y398586N_l2827_s1316_v21,2015-09-26 21:06:43.000,39.858635,49.796753,2013-09-27 22:25:38.039,1849.0,289.0,0.000175638,116.5,76.2279,0.654318,114.923,0,34,16365,1.85014,4.92261,13.6704,15.6544,999999,1.41426,3.09476,8.02443,8.34495,7.70109,1351844.38933641,NOAA-20
x0497886E_y398589N_l2090_s0888_v21,2015-09-26 21:48:27.000,39.85891,49.788601,2013-09-28 22:06:45.931,1825.0,291.0,0.000238549,150.042,126.83,0.845293,201.644,0,34,16365,3.4255,6.28089,15.8764,20.7081,999999,1.81391,3.96009,8.38681,8.82784,8.08081,1351450.41261616,NOAA-20
x0497909E_y398596N_l0829_s3134_v21,2015-09-26 21:49:23.000,39.859589,49.790859,2013-09-28 23:46:50.963,1863.0,999999.0,7.43998e-06,5.08081,11.277,2.21953,16.5133,0,1,2509,0.075236,0.263399,0.579227,0.691825,999999,0.234253,0.324804,5.94145,7.11802,6.73107,1351488.25275853,NOAA-20
x0497943E_y398583N_l1307_s0448_v21,2015-09-26 22:31:10.000,39.858299,49.79427,2013-09-29 21:47:50.260,1856.0,13.0,0.000258366,173.911,170.154,0.9784,252.786,3,34,16381,2.00805,7.44387,21.1286,23.1175,999999,3.39,2.64866,6.84081,7.43055,6.66973,1351763.97994297,NOAA-20
x0497897E_y398569N_l0220_s2793_v21,2015-09-26 22:37:24.000,39.856899,49.789661,2013-09-29 23:28:13.084,1878.0,270.0,4.24402e-05,29.905,31.2423,1.04472,44.3381,3,34,16383,0.0823907,1.50122,3.44404,4.40704,999999,0.747769,0.56276,5.07874,6.00914,5.44639,1351688.05133198,NOAA-20
x0497915E_y398522N_l0227_s2794_v21,2015-09-26 22:37:24.000,39.852219,49.791504,2013-09-29 23:28:14.863,1794.0,999999.0,5.61733e-06,3.29682,3.45101,1.04677,5.88006,0,1,2511,0.0335465,0.183866,0.301206,0.45571,999999,0.167361,0.267881,5.03854,6.01039,5.49207,1352212.94487643,NOAA-20
x0497951E_y398566N_l1965_s1965_v21,2015-10-03 21:45:21.000,39.856583,49.795071,2013-10-01 22:50:46.657,1778.0,290.0,0.000342179,194.041,138.057,0.711483,243.455,0,34,16365,0.0506312,8.32907,20.5635,25.2308,999999,2.258,4.1356,8.51575,8.89141,8.20774,1351962.07843458,NOAA-20
x0497917E_y398601N_l1266_s1478_v21,2015-10-03 22:37:35.000,39.860138,49.791729,2013-10-02 22:31:59.887,1783.0,293.0,0.00026566,152.157,89.6907,0.589463,156.597,0,34,16365,0.0974997,6.01674,16.375,19.6449,999999,2.22918,4.44234,8.85916,9.16573,8.51258,1351475.71893797,NOAA-20
x0497917E_y398599N_l0538_s1038_v21,2015-10-03 23:33:06.000,39.859932,49.791653,2013-10-03 22:13:07.780,1879.0,287.0,4.15305e-05,29.3352,28.7192,0.979002,40.6584,0,34,16381,0.211962,1.21108,3.54075,4.3066,999999,0.735663,0.764867,7.44371,8.12355,7.68436,1351491.72776353,NOAA-20
x0498034E_y398537N_l0406_s2101_v21,2015-10-04 02:18:10.000,39.853741,49.803413,2013-10-06 22:57:06.742,1911.0,999999.0,2.96781e-06,2.24635,1.95199,0.86896,2.5789,3,1,2445,0.0227164,0.120709,0.280052,0.306997,999999,0.0964329,0.198291,5.1051,6.03012,5.88161,1352606.94989715,NOAA-20
x0497893E_y398589N_l2053_s1167_v21,2015-10-04 03:57:05.000,39.858894,49.789284,2013-10-08 22:19:29.651,1765.0,290.0,0.000276765,152.213,118.849,0.780802,216.099,0,34,16365,2.05309,5.04994,15.3415,20.0558,999999,2.32484,4.00742,8.30096,8.77867,8.10816,1351482.74949243,NOAA-20
x0497966E_y398572N_l1305_s0751_v21,2015-10-04 04:50:32.000,39.857185,49.796585,2013-10-09 22:00:35.764,1652.0,291.0,7.35945e-05,31.1087,34.6155,1.11273,81.8907,0,34,16381,0.510612,0.866487,2.48306,3.73914,999999,1.80553,1.35511,8.02636,8.61051,7.97991,1351973.62748751,NOAA-20
x0497978E_y398615N_l0102_s3041_v21,2015-10-04 04:48:30.000,39.86145,49.79776,2013-10-09 23:40:47.912,1840.0,286.0,0.000117189,76.0964,132.18,1.737,203.558,0,34,16383,1.60039,3.07663,8.30033,10.7404,999999,3.02357,1.44841,7.48326,8.19276,7.56062,1351624.25919701,NOAA-20
x0497889E_y398555N_l0525_s0294_v21,2015-10-04 05:40:01.000,39.855545,49.788902,2013-10-10 21:41:38.316,1767.0,288.0,0.000161496,89.2994,115.836,1.29717,209.488,0,34,16383,2.01505,2.9489,8.4877,12.2523,999999,3.39,2.15466,7.83696,8.36531,7.7303,1351781.59424726,NOAA-20
x0497961E_y398597N_l0532_s0295_v21,2015-10-04 05:40:01.000,39.859749,49.796116,2013-10-10 21:41:40.095,1798.0,287.0,0.000164581,97.4742,126.126,1.29395,212.959,0,34,16383,0.108806,3.35296,10.9506,12.9333,999999,3.39,1.84766,7.6823,8.28639,7.6663,1351710.50805635,NOAA-20
x0497962E_y398587N_l2550_s2628_v21,2015-10-04 05:34:21.000,39.858723,49.796238,2013-10-10 23:22:08.257,1803.0,289.0,0.000138249,82.8008,66.5145,0.803308,111.057,0,34,16381,1.36919,2.90348,8.86544,11.2244,999999,3.39,2.00502,8.06494,8.47585,7.81368,1351812.8299706,NOAA-20
x0497918E_y398568N_l1896_s2227_v21,2015-10-04 06:27:34.000,39.856758,49.791771,2013-10-11 23:03:25.048,1717.0,290.0,0.000371453,183.024,133.823,0.731178,271.598,0,34,16365,1.69753,5.61121,16.7467,23.5532,999999,3.39,5.05635,8.54147,8.8817,8.26297,1351796.59301321,NOAA-20
x0497965E_y398566N_l1214_s1811_v21,2015-10-04 07:23:45.000,39.856617,49.796455,2013-10-12 22:44:38.285,1741.0,288.0,0.0002262,117.819,72.6872,0.61694,139.552,0,34,16365,0.0419074,3.45707,12.102,14.967,999999,1.4333,3.11436,8.02185,8.38535,7.78288,1352021.35668703,NOAA-20
x0497962E_y398586N_l0504_s1315_v21,2015-10-04 08:14:04.000,39.858604,49.796227,2013-10-13 22:25:49.741,1855.0,290.0,0.000199318,133.918,87.7095,0.654949,130.543,0,34,16365,1.84714,5.59446,16.2088,17.833,999999,1.55203,3.41771,8.19806,8.57074,7.88139,1351823.56218149,NOAA-20
x0497967E_y398588N_l2822_s0888_v21,2015-10-04 08:57:10.000,39.858818,49.796722,2013-10-14 22:06:57.638,1898.0,289.0,7.50698e-05,55.2406,46.7008,0.845407,63.4646,0,34,16381,0.0447087,2.86242,7.0976,7.57046,999999,1.77868,1.4672,7.79581,8.34683,7.69418,1351825.72169789,NOAA-20
x0497879E_y398547N_l1579_s3133_v21,2015-10-04 08:59:18.000,39.85466,49.787853,2013-10-14 23:47:02.670,1831.0,282.0,8.81156e-05,56.1821,124.351,2.21335,195.031,0,34,16381,0.876707,2.27189,5.9704,8.07399,999999,1.92638,1.15892,6.75078,7.66823,7.10602,1351817.79392446,NOAA-20
x0498024E_y398577N_l1587_s3134_v21,2015-10-04 08:59:18.000,39.857677,49.802353,2013-10-14 23:47:04.449,1893.0,282.0,0.000101375,73.8721,164.033,2.22051,225.104,0,34,16317,0.0325669,2.87996,9.56956,10.1729,999999,2.52728,1.2022,6.78165,7.67543,7.10309,1352187.70207847,NOAA-20
x0497881E_y398554N_l0952_s2791_v21,2015-10-04 09:52:12.000,39.855389,49.788071,2013-10-15 23:28:24.802,1877.0,285.0,0.000105243,74.022,77.1027,1.04162,109.623,0,34,16317,0.0279296,3.79243,8.11297,10.8761,999999,2.35749,1.63857,7.15882,7.95852,7.34606,1351758.82012909,NOAA-20
x0497890E_y398605N_l0308_s2372_v21,2015-10-04 10:50:22.000,39.860455,49.788975,2013-10-16 23:09:43.377,1963.0,285.0,4.17695e-05,35.1888,33.1733,0.942725,39.3772,0,34,16381,0.997384,1.96558,4.41409,5.31497,999999,1.02046,0.816759,7.12056,7.97888,7.51601,1351321.48196203,NOAA-20
x0497900E_y398604N_l2706_s1963_v21,2015-10-04 11:28:17.000,39.860447,49.789974,2013-10-17 22:50:58.400,1345.0,293.0,0.000114146,21.1712,15.0288,0.709867,81.0281,0,34,16381,0.00375724,0.0570758,0.464392,1.93371,999999,1.3005,1.54642,8.50096,8.85758,8.30094,1351367.33164791,NOAA-20
x0497928E_y398609N_l2004_s1476_v21,2015-10-04 12:20:35.000,39.860928,49.792805,2013-10-18 22:32:09.872,1776.0,294.0,7.14922e-05,40.2909,23.7678,0.589904,42.1735,0,34,16381,0.515484,1.57465,4.0152,5.36455,999999,1.6406,1.88412,8.68424,8.90111,8.35538,1351449.74977609,NOAA-20
x0497958E_y398584N_l1274_s1037_v21,2015-10-04 13:13:26.000,39.858387,49.795822,2013-10-19 22:13:17.787,1973.0,290.0,8.33454e-05,71.672,70.3145,0.981059,81.7668,0,34,16381,1.8494,3.95777,9.61489,10.4025,999999,1.78913,1.74952,7.98552,8.58545,8.01814,1351825.75096575,NOAA-20
x0497945E_y398601N_l0517_s0633_v21,2015-10-04 14:08:18.000,39.860062,49.794487,2013-10-20 21:54:23.919,2049.0,254.0,1.63162e-05,16.2925,12.0492,0.739557,12.0667,3,34,16381,0.380242,1.09105,2.46493,2.31332,999999,0.374091,0.256196,3.43724,4.294,4.21456,1351607.41418225,NOAA-20
x0497975E_y398560N_l2437_s2927_v21,2015-10-04 13:59:02.000,39.855991,49.797462,2013-10-20 23:34:41.407,2151.0,999999.0,2.88701e-06,3.50558,4.7226,1.34717,3.88928,3,1,4045,0.154055,0.293806,0.555051,0.494845,999999,0.134406,0.189683,4.46233,5.56885,5.2807,1352125.89742268,NOAA-20
x0497894E_y398568N_l2788_s0168_v21,2015-10-04 14:43:36.000,39.856796,49.789448,2013-10-21 21:35:26.490,1979.0,284.0,0.000100357,87.2139,149.196,1.71069,171.679,0,34,16383,3.95199,4.54725,10.9657,13.2072,999999,2.72247,1.43722,7.04725,7.91155,7.31579,1351688.15967957,NOAA-20
x0497990E_y398589N_l1799_s2493_v21,2015-10-04 14:47:04.000,39.858929,49.799049,2013-10-21 23:15:59.991,1924.0,287.0,0.000109528,85.099,104.468,1.2276,134.457,0,34,16381,0.0559695,4.25094,11.5912,11.8936,999999,1.79467,1.59062,7.53535,8.25257,7.63444,1351920.33857818,NOAA-20
x0497901E_y398469N_l1297_s1168_v21,2015-09-26 18:01:53.000,39.846901,49.790138,2013-09-22 22:19:17.966,1829.0,999999.0,1.31251e-06,0.833219,0.649638,0.779673,1.02333,3,1,3461,0.00991654,0.0362955,0.0413176,0.110018,999999,0.249567,0.422652,5.82858,6.5199,6.0505,1352653.31725853,NOAA-20
x0498009E_y398504N_l2430_s2927_v21,2015-10-04 13:59:02.000,39.850368,49.800854,2013-10-20 23:34:39.628,1980.0,999999.0,2.91467e-06,2.54207,3.42396,1.34692,3.92582,0,1,4045,0.0335703,0.161347,0.364667,0.337001,999999,0.134716,0.195632,4.49384,5.56446,5.28999,1352809.67819055,NOAA-20
x0497733E_y398826N_l2779_s0165_v21,2015-09-20 12:08:07.000,39.882607,49.773315,2013-08-18 21:34:27.985,1425.0,999999.0,7.85295e-06,1.83512,3.16035,1.72214,13.5239,3,1,3723,0.00849643,0.0354394,0.0926909,0.163502,999999,0.250446,0.375268,5.90736,6.79234,6.25602,1348524.18280303,NOAA-20
x0497994E_y398864N_l2039_s0749_v21,2015-09-20 16:49:30.000,39.886425,49.799358,2013-08-22 21:59:50.752,2027.0,999999.0,5.74916e-07,0.550289,0.615001,1.1176,0.642524,0,1,453,0.0104852,0.0421554,0.0685153,0.077405,999999,0.311855,0.522228,7.46558,8.25476,7.48733,1349340.93640455,NOAA-20
x0497730E_y398829N_l2599_s2492_v21,2015-09-26 05:01:23.000,39.882854,49.77298,2013-09-03 23:15:21.639,1991.0,999999.0,6.25042e-07,0.556408,0.681149,1.22419,0.76517,3,1,1229,0.0109851,0.036371,0.0775812,0.0761005,999999,0.206627,0.388892,6.67264,7.53451,7.12646,1348485.75311211,NOAA-20
x0497948E_y399094N_l0517_s1166_v21,2015-09-26 07:13:03.000,39.909416,49.794777,2013-09-06 22:19:01.231,2052.0,999999.0,4.67291e-07,0.470021,0.367533,0.781951,0.365399,3,1,389,0.00545695,0.0347236,-0.0221435,0.066969,999999,0.161722,0.327943,6.49129,7.33503,6.99608,1346966.51028057,NOAA-20
x0497997E_y398877N_l2045_s1315_v21,2015-09-26 10:34:56.000,39.887691,49.799706,2013-09-11 22:25:22.949,2084.0,999999.0,4.24975e-07,0.454435,0.297646,0.654982,0.278351,3,1,1477,0.00954005,0.0398051,0.0413176,0.06436,999999,0.123697,0.250765,5.5527,6.40559,6.15565,1349237.31879104,NOAA-20
x0497300E_y398574N_l2781_s0162_v21,2015-09-20 12:08:07.000,39.857407,49.729996,2013-08-18 21:34:27.985,2082.0,999999.0,9.67537e-07,1.0317,1.78984,1.73484,1.67852,0,1,1163,0.00722229,0.0329693,0.150108,0.147848,999999,0.341913,0.525505,7.41638,8.41165,7.7919,1348952.62486313,NOAA-20
x0497348E_y398583N_l2789_s0163_v21,2015-09-20 12:08:07.000,39.858269,49.73484,2013-08-18 21:34:29.764,1910.0,999999.0,1.4499e-06,1.09318,1.89257,1.73124,2.51014,0,1,1231,0.00923563,0.0543923,0.150108,0.140021,999999,0.340826,0.526892,7.43471,8.40977,7.7935,1349088.94032008,NOAA-20
x0497353E_y398592N_l2076_s0289_v21,2015-09-26 08:28:29.000,39.8592,49.73526,2013-09-08 21:41:11.619,1925.0,999999.0,2.99339e-06,2.33076,3.05297,1.30986,3.92092,3,1,2509,0.035237,0.125216,0.310272,0.309606,999999,0.140304,0.266619,5.98646,7.04693,6.84871,1349019.83912981,NOAA-20
x0497306E_y398642N_l2083_s0289_v21,2015-09-26 08:28:29.000,39.864189,49.73056,2013-09-08 21:41:13.398,1857.0,999999.0,3.11559e-06,2.09925,2.74876,1.3094,4.07957,0,1,2509,0.0359594,0.0936632,0.249833,0.278298,999999,0.137769,0.266102,5.96395,7.04568,6.84287,1348336.97046929,NOAA-20
x0497534E_y398633N_l2083_s0291_v21,2015-09-26 08:28:29.000,39.863285,49.753445,2013-09-08 21:41:13.398,1957.0,999999.0,1.29139e-06,1.07414,1.40083,1.30414,1.68415,0,1,1225,0.0314916,0.035289,0.134998,0.153066,999999,0.134354,0.266102,5.981,7.04568,6.84287,1349452.30731234,NOAA-20
x0497462E_y398579N_l2051_s1311_v21,2015-09-26 10:34:56.000,39.857929,49.746216,2013-09-11 22:25:24.728,2034.0,999999.0,4.14013e-07,0.402114,0.264335,0.657363,0.272157,3,1,453,0.00686384,0.0319339,0.0171419,0.056533,999999,0.107814,0.223197,5.308,6.18576,5.83222,1349632.83235124,NOAA-20
x0497386E_y398696N_l0508_s0062_v21,2015-09-26 23:14:55.000,39.869587,49.738621,2013-09-30 21:28:51.031,2035.0,999999.0,1.41777e-06,1.37835,3.11468,2.25971,3.20376,3,1,2509,0.0303605,0.093439,0.210547,0.18307,999999,0.124473,0.229803,5.50543,6.66614,6.45438,1348189.57025846,NOAA-20
x0497308E_y398653N_l0517_s0062_v21,2015-09-26 23:14:55.000,39.865318,49.730766,2013-09-30 21:28:52.810,2059.0,999999.0,1.63434e-06,1.66559,3.76417,2.25997,3.69356,3,1,2509,0.0339911,0.121833,0.261921,0.219596,999999,0.12349,0.230985,5.49771,6.68399,6.46819,1348239.53763111,NOAA-20
x0497255E_y398639N_l2070_s0164_v21,2015-10-04 01:11:53.000,39.863869,49.725487,2013-10-05 21:35:16.448,1999.0,999999.0,1.00579e-06,0.911447,1.57258,1.72536,1.73536,3,1,2511,0.024967,0.0584899,0.125932,0.126976,999999,0.0858791,0.174101,4.74401,5.78868,5.70158,1348139.1188712,NOAA-20
x0498829E_y398365N_l0057_s3140_v21,2015-09-26 11:22:17.000,39.836487,49.882858,2013-09-12 23:46:37.629,1993.0,999999.0,1.4391e-06,1.28662,2.90366,2.25682,3.24779,3,1,2509,0.0199131,0.0833159,0.186372,0.171329,999999,0.10471,0.194984,5.05591,6.28754,6.15273,1357829.62938238,NOAA-20
x0497297E_y398522N_l2084_s0289_v21,2015-09-26 08:28:29.000,39.852165,49.729748,2013-09-08 21:41:13.398,1943.0,999999.0,1.67619e-06,1.35428,1.7733,1.3094,2.1948,3,1,3213,0.022056,0.0718738,0.18335,0.181765,999999,0.137096,0.268326,5.98839,7.04255,6.84048,1349437.01940263,NOAA-20
x0497385E_y398508N_l0551_s0747_v21,2015-09-26 18:39:45.000,39.850834,49.738533,2013-09-23 22:00:24.079,1914.0,999999.0,1.21203e-06,0.922468,1.03563,1.12268,1.36072,3,1,2509,0.0125857,0.0497706,0.119889,0.123063,999999,0.126904,0.237196,4.92311,5.85601,5.63015,1349957.73112718,NOAA-20
x0497339E_y398499N_l2856_s0627_v21,2015-10-04 00:14:56.000,39.849873,49.73386,2013-10-04 21:54:13.893,2001.0,999999.0,1.09649e-06,0.997328,0.743347,0.745338,0.817255,3,1,3273,0.0103989,0.045352,0.150108,0.129585,999999,0.124887,0.252377,5.70125,6.6414,6.44748,1349838.50253418,NOAA-20
x0497860E_y398563N_l2781_s0166_v21,2015-09-20 12:08:07.000,39.856304,49.785995,2013-08-18 21:34:27.985,1742.0,268.0,5.28442e-05,27.6229,47.4599,1.71813,90.7935,3,34,16383,0.0407832,0.762608,2.56163,3.89307,999999,0.864275,0.634128,4.98677,5.81499,5.26848,1351578.78134235,NOAA-20
x0497827E_y398548N_l1272_s0292_v21,2015-09-20 17:59:16.000,39.854767,49.782711,2013-08-23 21:40:55.056,1751.0,290.0,0.000421781,224.962,292.941,1.30218,549.234,0,34,16045,0.0338657,8.90129,20.5876,30.2805,999999,3.39,5.66483,8.4672,9.04767,8.33998,1351575.72150279,NOAA-20
x0497848E_y398606N_l2027_s0064_v21,2015-09-21 00:24:00.000,39.860554,49.78479,2013-08-29 21:28:21.083,1809.0,285.0,0.000278212,168.923,379.685,2.24769,625.335,0,34,16319,0.0623828,6.59992,17.6412,23.518,999999,3.39,2.78984,7.56815,8.28263,7.5893,1351123.26035765,NOAA-20
x0497815E_y398560N_l2036_s0064_v21,2015-09-21 00:24:00.000,39.85601,49.78149,2013-08-29 21:28:22.862,1757.0,284.0,0.000283066,153.043,343.774,2.24626,635.841,0,34,16383,0.317492,5.54089,14.6072,20.9311,999999,3.39,2.46134,7.38294,8.21343,7.55849,1351403.30443614,NOAA-20
x0497859E_y398622N_l2853_s0750_v21,2015-09-26 07:47:05.000,39.86224,49.785927,2013-09-07 22:00:09.091,1948.0,284.0,1.19293e-05,9.7388,10.86,1.11513,13.3027,3,34,14845,0.138038,0.523768,1.24104,1.47713,999999,0.343258,0.475876,6.91959,7.77877,7.35244,1351015.44747036,NOAA-20
x0497861E_y398577N_l0378_s2227_v21,2015-09-26 09:19:37.000,39.85767,49.786144,2013-09-09 23:02:58.319,1993.0,999999.0,7.17308e-07,0.642185,0.469509,0.731112,0.524433,3,1,453,0.0187632,0.0408328,0.0503835,0.0904501,999999,0.116816,0.245258,5.66942,6.57658,6.37499,1351456.56791636,NOAA-20
x0497747E_y398552N_l2757_s1810_v21,2015-09-26 09:54:05.000,39.855175,49.774662,2013-09-10 22:44:13.303,1852.0,999999.0,2.88565e-06,1.92435,1.18638,0.61651,1.77903,0,1,1229,0.0346205,0.0955571,0.213569,0.262644,999999,0.319977,0.526132,7.35014,8.05466,7.41696,1351174.24026044,NOAA-20
x0497824E_y398530N_l1305_s0168_v21,2015-09-26 16:06:19.000,39.853039,49.782372,2013-09-19 21:35:02.999,1806.0,288.0,4.89339e-05,29.4978,50.4059,1.7088,83.6182,0,34,16125,0.119336,1.51492,2.70971,4.35747,999999,1.06754,1.02986,7.454,8.35184,7.72977,1351723.56551601,NOAA-20
x0497810E_y398571N_l2855_s0633_v21,2015-10-04 00:14:56.000,39.857071,49.781006,2013-10-04 21:54:13.893,2076.0,999999.0,9.06881e-07,0.955646,0.70638,0.739166,0.670335,3,1,1229,0.0167818,0.0516789,0.189394,0.100886,999999,0.123128,0.250575,5.66009,6.63388,6.43579,1351281.31210332,NOAA-20
x0497834E_y398560N_l2780_s0167_v21,2015-10-04 14:43:36.000,39.856041,49.783352,2013-10-21 21:35:24.711,1827.0,283.0,0.000102697,64.935,111.336,1.71457,176.081,0,34,16383,0.333953,2.98184,6.81051,9.30544,999999,2.23498,1.28538,6.86847,7.81917,7.24542,1351484.36862063,NOAA-20
x0497809E_y398250N_l2857_s0750_v21,2015-09-26 07:47:05.000,39.825039,49.780872,2013-09-07 22:00:09.091,2056.0,999999.0,4.98104e-07,0.504647,0.562762,1.11516,0.555466,3,1,1165,0.00867547,0.0377962,0.0715372,0.072187,999999,0.210611,0.38706,6.90062,7.7484,7.34925,1354300.45079781,NOAA-20
x0498018E_y398363N_l2053_s1317_v21,2015-09-26 10:34:56.000,39.836304,49.801758,2013-09-11 22:25:24.728,2048.0,999999.0,4.71856e-07,0.47056,0.307617,0.653726,0.308464,3,1,389,0.00838198,0.0344505,0.0382957,0.066969,999999,0.135855,0.271945,5.58967,6.47292,6.05209,1354177.93638514,NOAA-20
x0497889E_y398239N_l2055_s1316_v21,2015-09-26 10:34:56.000,39.823875,49.78891,2013-09-11 22:25:24.728,2171.0,999999.0,2.88436e-07,0.36313,0.237603,0.65432,0.188729,3,1,1669,0.00707894,0.0333716,0.0171419,0.0526195,999999,0.146046,0.283885,5.85656,6.72407,6.29904,1354772.43511083,NOAA-20
x0497987E_y398226N_l2055_s1317_v21,2015-09-26 10:34:56.000,39.822575,49.798672,2013-09-11 22:25:24.728,1936.0,999999.0,7.05388e-07,0.561604,0.367133,0.653723,0.461128,3,1,453,0.010182,0.0333716,0.0171419,0.077405,999999,0.140097,0.274297,5.75463,6.60194,6.26399,1355335.12207192,NOAA-20
x0498084E_y398213N_l2055_s1318_v21,2015-09-26 10:34:56.000,39.821266,49.808422,2013-09-11 22:25:24.728,1950.0,999999.0,6.88483e-07,0.564926,0.368969,0.653128,0.449668,3,1,457,0.0111517,0.0188649,0.0745592,0.077405,999999,0.140097,0.270349,5.74402,6.63075,6.23398,1355898.34710022,NOAA-20
x0497996E_y398370N_l2522_s2795_v21,2015-09-26 12:01:35.000,39.836967,49.799591,2013-09-13 23:27:59.733,1888.0,999999.0,1.49726e-06,1.07894,1.13123,1.04847,1.56983,0,1,1165,0.0106927,0.0661713,0.116867,0.154371,999999,0.293179,0.458098,7.17265,8.0628,7.45095,1354017.58064441,NOAA-20
x0497765E_y398231N_l1245_s1645_v21,2015-09-26 06:31:42.000,39.823132,49.776531,2013-09-05 22:37:51.593,2127.0,999999.0,5.47961e-07,0.636374,0.36754,0.577554,0.316477,3,1,1157,0.00952626,0.0542006,0.0322517,0.0917545,999999,0.191055,0.36644,6.56493,7.33754,6.86969,1354285.21848011,NOAA-20
x0497617E_y398356N_l0529_s1165_v21,2015-09-26 07:13:03.000,39.835632,49.761703,2013-09-06 22:19:03.010,1865.0,999999.0,1.42581e-06,0.978809,0.766538,0.783133,1.1166,3,1,461,0.0202504,0.051474,0.107801,0.136108,999999,0.16524,0.325849,6.46782,7.32,6.98307,1352436.66580962,NOAA-20
x0497728E_y398343N_l0529_s1166_v21,2015-09-26 07:13:03.000,39.834293,49.772774,2013-09-06 22:19:03.010,1968.0,999999.0,1.07943e-06,0.917716,0.717631,0.781975,0.844091,3,1,397,0.0192932,0.0661552,0.107801,0.136108,999999,0.153341,0.313345,6.41991,7.28305,6.97271,1353061.49982489,NOAA-20
x0497954E_y398735N_l2847_s0750_v21,2015-09-26 07:47:05.000,39.873524,49.795383,2013-09-07 22:00:07.312,1899.0,999999.0,3.38477e-06,2.49764,2.78495,1.11503,3.77413,0,1,3727,0.0450069,0.122947,0.316316,0.334392,999999,0.301094,0.491725,7.34275,8.12167,7.59833,1350377.83764375,NOAA-20
x0497981E_y398636N_l1790_s2629_v21,2015-09-26 19:11:28.000,39.863575,49.798092,2013-09-24 23:21:54.797,1706.0,999999.0,2.57958e-06,1.24003,0.997168,0.804151,2.07437,3,1,2443,0.005177,0.0368304,0.116867,0.151762,999999,0.0574252,0.0924298,3.02148,3.89974,3.87546,1351438.76867396,NOAA-20
x0497992E_y398707N_l0461_s1812_v21,2015-09-26 20:36:46.000,39.870705,49.799194,2013-09-26 22:44:26.590,1912.0,999999.0,2.61987e-06,1.9838,1.22471,0.617357,1.61739,0,1,3213,0.0261868,0.102336,0.252855,0.267862,999999,0.293024,0.48704,7.25689,8.0246,7.45892,1350815.9639809,NOAA-20
x0497972E_y398640N_l0462_s1812_v21,2015-09-26 20:36:46.000,39.864025,49.797211,2013-09-26 22:44:26.590,1879.0,999999.0,1.36792e-05,9.66102,5.96438,0.617366,8.44509,0,1,3021,0.13988,0.463555,1.19873,1.27885,999999,0.296593,0.416167,6.49161,7.31186,6.89916,1351356.51661504,NOAA-20
x0497988E_y398676N_l0303_s2372_v21,2015-10-04 10:50:22.000,39.867588,49.79879,2013-10-16 23:09:41.598,1889.0,999999.0,2.60493e-06,1.88219,1.77433,0.942695,2.45566,0,1,2447,0.0155269,0.100808,0.222635,0.258731,999999,0.284332,0.454615,7.27136,8.12449,7.65542,1351091.72610564,NOAA-20
x0498166E_y398517N_l2601_s2496_v21,2015-09-26 05:01:23.000,39.851727,49.816639,2013-09-03 23:15:21.639,1858.0,284.0,7.74914e-06,5.23634,6.47262,1.2361,9.57867,3,34,16125,0.0483575,0.236462,0.597358,0.745309,999999,0.34274,0.494329,6.87715,7.71614,7.23427,1353394.54301934,NOAA-20
x0498163E_y398596N_l0377_s2230_v21,2015-09-26 09:19:37.000,39.859612,49.816288,2013-09-09 23:02:58.319,1869.0,999999.0,3.76332e-06,2.60521,1.91362,0.734538,2.7643,3,1,2509,0.0383845,0.125937,0.313294,0.347437,999999,0.200471,0.339261,6.09772,6.94954,6.59034,1352634.97091034,NOAA-20
x0498146E_y398645N_l2048_s1317_v21,2015-09-26 10:34:56.000,39.864487,49.814594,2013-09-11 22:25:22.949,1939.0,999999.0,2.20407e-06,1.76687,1.15523,0.653827,1.44108,3,1,3021,0.0257959,0.103024,0.234723,0.237859,999999,0.156238,0.269238,5.68164,6.53555,6.22522,1352098.62726729,NOAA-20
x0498080E_y398638N_l2049_s1317_v21,2015-09-26 10:34:56.000,39.863785,49.80798,2013-09-11 22:25:24.728,1950.0,999999.0,2.08848e-06,1.7123,1.11943,0.653755,1.36535,3,1,3277,0.0267693,0.105584,0.225657,0.233945,999999,0.146874,0.270163,5.59225,6.47449,6.18778,1351865.78394162,NOAA-20
x0498064E_y398569N_l2050_s1317_v21,2015-09-26 10:34:56.000,39.856918,49.806438,2013-09-11 22:25:24.728,1905.0,999999.0,2.50471e-06,1.87115,1.22326,0.653745,1.63744,3,1,2509,0.0304601,0.109635,0.222635,0.260035,999999,0.142425,0.26682,5.58356,6.45914,6.17822,1352443.8576714,NOAA-20
x0498262E_y398632N_l2435_s3044_v21,2015-09-26 18:32:03.000,39.863209,49.826191,2013-09-23 23:40:36.228,2277.0,999999.0,4.5462e-07,0.693266,1.21231,1.74869,0.79499,0,1,1163,0.00646526,0.00970514,0.113845,0.100886,999999,0.242893,0.379544,6.34852,7.29057,6.74462,1352743.79030501,NOAA-20
x0498083E_y398616N_l2843_s0296_v21,2015-09-26 19:07:21.000,39.861565,49.808323,2013-09-24 21:41:26.635,2099.0,284.0,1.9824e-06,2.18112,2.81671,1.29141,2.56009,3,34,16125,0.0749942,0.175935,0.328404,0.305693,999999,0.295248,0.434569,6.8257,7.81635,6.9374,1352090.68163361,NOAA-20
x0498135E_y398594N_l1790_s2631_v21,2015-09-26 19:11:28.000,39.859436,49.813473,2013-09-24 23:21:54.797,1911.0,999999.0,1.47488e-06,1.11521,0.899427,0.806512,1.18951,3,1,2503,0.0112681,0.0663366,0.0594494,0.151762,999999,0.14289,0.221304,4.37583,5.24223,4.97002,1352524.29239203,NOAA-20
x0498066E_y398592N_l1796_s2631_v21,2015-09-26 19:11:28.000,39.859234,49.806606,2013-09-24 23:21:56.576,1818.0,999999.0,1.99357e-06,1.23398,0.995316,0.806591,1.60799,3,1,2447,0.0103022,0.0757524,0.110823,0.176547,999999,0.111695,0.17413,3.79255,4.68012,4.49364,1352232.96426542,NOAA-20
x0498043E_y398619N_l0837_s3135_v21,2015-09-26 21:49:23.000,39.861866,49.804314,2013-09-28 23:46:52.742,1883.0,999999.0,4.6861e-06,3.34135,7.43906,2.22637,10.433,0,1,2509,0.0260367,0.165628,0.428129,0.434838,999999,0.228925,0.329245,6.06363,7.21134,6.78365,1351881.10737506,NOAA-20
x0498223E_y398597N_l0219_s2796_v21,2015-09-26 22:37:24.000,39.859692,49.822327,2013-09-29 23:28:13.084,1800.0,999999.0,2.45053e-06,1.459,1.53224,1.0502,2.57354,3,1,2509,0.0149113,0.054108,0.165218,0.185679,999999,0.144132,0.221357,4.69609,5.58263,5.24379,1352900.55676192,NOAA-20
x0498057E_y398568N_l2635_s2375_v21,2015-09-26 23:04:54.000,39.856766,49.805687,2013-09-30 23:09:31.648,1933.0,999999.0,1.10684e-05,8.75899,8.30421,0.948079,10.4937,3,1,4045,0.131802,0.487434,1.17153,1.16927,999999,0.192969,0.330019,6.33405,7.27366,6.91642,1352424.26662841,NOAA-20
x0498201E_y398413N_l2788_s1168_v21,2015-09-20 15:38:32.000,39.841301,49.820095,2013-08-21 22:18:44.666,1874.0,999999.0,1.5734e-06,1.10017,0.857848,0.779741,1.22684,0,1,1165,0.0148135,0.060836,0.122911,0.153066,999999,0.276107,0.480693,6.88615,7.68451,7.01016,1354534.28906107,NOAA-20
x0498247E_y398454N_l1721_s2795_v21,2015-09-20 23:25:38.000,39.845367,49.824703,2013-08-28 23:27:43.158,2122.0,999999.0,4.9071e-07,0.564047,0.591513,1.04869,0.514604,0,1,1225,0.0116812,0.0371436,0.0957129,0.072187,999999,0.327841,0.53475,7.61188,8.4865,7.81129,1354358.98955575,NOAA-20
x0498242E_y398503N_l2067_s1040_v21,2015-09-26 03:42:21.000,39.850254,49.824177,2013-09-01 22:12:39.532,2157.0,999999.0,2.96545e-07,0.363759,0.354635,0.974917,0.289107,0,1,1157,0.00576456,0.0326197,0.0624713,0.0526195,999999,0.349983,0.621235,8.16108,8.85915,8.2003,1353874.26936054,NOAA-20
x0498119E_y398486N_l2757_s1814_v21,2015-09-26 09:54:05.000,39.848644,49.811932,2013-09-10 22:44:13.303,1859.0,999999.0,4.82974e-06,3.27275,2.02307,0.618157,2.98554,3,1,3789,0.0429337,0.158351,0.385821,0.436143,999999,0.18045,0.313851,6.0601,6.90601,6.59326,1353472.68020385,NOAA-20
x0498119E_y398464N_l1308_s0450_v21,2015-09-26 22:31:10.000,39.846355,49.811871,2013-09-29 21:47:50.260,1882.0,999999.0,1.16935e-06,0.831716,0.811068,0.975174,1.14032,0,1,1227,0.0123228,0.0320756,0.101757,0.111322,999999,0.265087,0.420535,6.7376,7.65226,7.00564,1353685.89287414,NOAA-20
x0498192E_y398445N_l0227_s2797_v21,2015-09-26 22:37:24.000,39.844528,49.819244,2013-09-29 23:28:14.863,1796.0,999999.0,2.00133e-06,1.18176,1.24353,1.05227,2.10594,0,1,2507,0.0183023,0.00778629,0.125932,0.154371,999999,0.180915,0.276332,5.18774,6.14129,5.62271,1354191.38895326,NOAA-20
x0498238E_y398447N_l1067_s2497_v21,2015-10-04 01:22:21.000,39.844704,49.82383,2013-10-05 23:15:49.949,2042.0,999999.0,1.58927e-06,1.56744,1.94252,1.23929,1.96957,3,1,2509,0.024791,0.0930055,0.274009,0.185679,999999,0.087845,0.187438,4.88581,5.85758,5.73955,1354382.06246651,NOAA-20
x0498242E_y398416N_l0407_s2103_v21,2015-10-04 02:18:10.000,39.84161,49.824162,2013-10-06 22:57:06.742,1778.0,999999.0,3.83208e-06,2.17361,1.89543,0.872019,3.34165,3,1,2509,0.021339,0.0782353,0.234723,0.275689,999999,0.10202,0.202651,5.1453,6.08211,5.90312,1354688.93237093,NOAA-20
x0497748E_y398670N_l0523_s1165_v21,2015-09-26 07:13:03.000,39.866974,49.774807,2013-09-06 22:19:01.231,1820.0,999999.0,5.84097e-06,3.63335,2.84539,0.783131,4.57424,3,1,2509,0.051336,0.165722,0.391865,0.484409,999999,0.194677,0.352619,6.51348,7.36009,6.99582,1350066.86821509,NOAA-20
x0497828E_y398745N_l2847_s0749_v21,2015-09-26 07:47:05.000,39.874458,49.782833,2013-09-07 22:00:07.312,1875.0,999999.0,5.26667e-06,3.69185,4.12581,1.11755,5.88575,0,1,2511,0.0532842,0.203385,0.422085,0.50789,999999,0.298611,0.468748,7.12538,7.93566,7.45148,1349722.81730514,NOAA-20
x0497734E_y398632N_l2853_s0749_v21,2015-09-26 07:47:05.000,39.863243,49.773376,2013-09-07 22:00:09.091,1903.0,286.0,9.23835e-06,6.86927,7.67738,1.11764,10.3252,3,34,16125,0.0720894,0.328784,0.842137,1.00621,999999,0.366538,0.510646,7.16879,7.97199,7.48494,1350354.52461266,NOAA-20
x0497830E_y398755N_l0376_s2226_v21,2015-09-26 09:19:37.000,39.875462,49.782955,2013-09-09 23:02:58.319,2005.0,999999.0,6.54493e-07,0.599265,0.437452,0.729981,0.477768,3,1,2445,0.00908062,0.0366706,0.086647,0.0813185,999999,0.138338,0.274154,5.83534,6.72313,6.44482,1349633.59662479,NOAA-20
x0497920E_y398735N_l0376_s2227_v21,2015-09-26 09:19:37.000,39.87347,49.792015,2013-09-09 23:02:58.319,1968.0,999999.0,7.1938e-07,0.612332,0.447685,0.731115,0.525949,3,1,2509,0.00960978,0.0366706,0.086647,0.0813185,999999,0.122973,0.251237,5.70607,6.61697,6.38561,1350230.74996591,NOAA-20
x0497755E_y398696N_l2048_s1313_v21,2015-09-26 10:34:56.000,39.869648,49.775452,2013-09-11 22:25:22.949,2136.0,999999.0,6.94868e-07,0.820552,0.538475,0.656235,0.455996,3,1,461,0.02442,0.0738625,0.128954,0.113931,999999,0.110608,0.235784,5.43083,6.29787,6.08395,1349843.57426328,NOAA-20
x0497878E_y398702N_l1311_s0887_v21,2015-09-26 11:29:06.000,39.870247,49.787804,2013-09-12 22:06:30.819,1987.0,999999.0,1.52649e-06,1.35036,1.14351,0.846817,1.29266,3,1,2447,0.0258749,0.104937,0.156152,0.205246,999999,0.12468,0.244891,5.54819,6.50518,6.27089,1350344.61007784,NOAA-20
x0497919E_y398762N_l1314_s0888_v21,2015-09-26 11:29:06.000,39.876175,49.791893,2013-09-12 22:06:32.598,1926.0,999999.0,2.40259e-06,1.87493,1.58487,0.845296,2.0309,3,1,2511,0.0297309,0.119118,0.225657,0.263949,999999,0.152979,0.278455,5.70254,6.64672,6.32639,1349970.07399593,NOAA-20
x0497913E_y398634N_l2520_s2793_v21,2015-09-26 12:01:35.000,39.863358,49.791302,2013-09-13 23:27:59.733,1789.0,287.0,0.000238126,138.293,144.493,1.04483,248.802,0,34,16381,0.498787,5.88621,13.6915,19.2392,999999,3.39,2.35389,7.72024,8.45049,7.71888,1351152.5866178,NOAA-20
x0497853E_y398631N_l2835_s0065_v21,2015-09-26 12:39:36.000,39.863056,49.785259,2013-09-14 21:28:39.445,1801.0,31.0,0.000279308,166.444,372.785,2.2397,625.565,0,34,16317,0.0557239,7.02629,17.1094,22.6074,999999,3.39,2.48608,7.62088,8.38065,7.70321,1350908.28688789,NOAA-20
x0497875E_y398774N_l0543_s0750_v21,2015-09-26 18:39:45.000,39.877384,49.78746,2013-09-23 22:00:22.300,1832.0,999999.0,2.07732e-06,1.32608,1.47876,1.11514,2.3165,0,1,2509,0.0195483,0.0581693,0.150108,0.175243,999999,0.231977,0.40008,6.55978,7.42773,6.91084,1349655.74288019,NOAA-20
x0497825E_y398807N_l0460_s1810_v21,2015-09-26 20:36:46.000,39.88068,49.782482,2013-09-26 22:44:26.590,1876.0,999999.0,1.12285e-06,0.789065,0.486482,0.61653,0.692268,0,1,1165,0.0120546,0.040305,0.0926909,0.107409,999999,0.200678,0.371872,6.69805,7.50758,7.0383,1349119.94346308,NOAA-20
x0497875E_y398703N_l2634_s2373_v21,2015-09-26 23:04:54.000,39.870342,49.787533,2013-09-30 23:09:31.648,1996.0,999999.0,1.08871e-06,0.979663,0.925136,0.944341,1.02811,3,1,1229,0.0119472,0.075518,0.128954,0.138717,999999,0.157428,0.307258,6.32151,7.27961,6.9374,1350323.40865274,NOAA-20
x0497903E_y398644N_l0094_s3040_v21,2015-10-04 04:48:30.000,39.864422,49.79026,2013-10-09 23:40:46.133,1765.0,284.0,0.000187054,102.899,178.269,1.73246,324.064,0,34,16383,1.08053,3.65434,9.83247,14.1491,999999,3.39,1.95294,7.14596,8.01802,7.4082,1351005.13805503,NOAA-20
x0497912E_y398648N_l1256_s0065_v21,2015-10-04 10:37:14.000,39.864815,49.791164,2013-10-16 21:29:02.759,1888.0,286.0,9.33053e-05,67.2438,150.769,2.24213,209.202,0,34,16381,0.0137843,3.39825,8.27616,9.53503,999999,2.05582,1.12155,7.27587,8.16019,7.64214,1351008.87389934,NOAA-20
x0497881E_y398701N_l0303_s2371_v21,2015-10-04 10:50:22.000,39.870125,49.788074,2013-10-16 23:09:41.598,1983.0,999999.0,1.47658e-06,1.29444,1.21786,0.940846,1.38923,0,1,3727,0.01551,0.0860543,0.16824,0.184374,999999,0.285988,0.462263,7.40288,8.20654,7.71304,1350368.31395843,NOAA-20
x0497878E_y398639N_l1117_s2097_v21,2015-10-04 15:37:08.000,39.86393,49.7878,2013-10-22 22:57:15.012,1780.0,999999.0,1.54212e-06,0.87856,0.758166,0.862964,1.33079,0,1,2509,0.0102851,0.0305098,0.0957129,0.111322,999999,0.247084,0.406776,6.91412,7.74401,7.25817,1350940.50221158,NOAA-20
x0498260E_y398328N_l0841_s3042_v21,2015-09-20 16:57:01.000,39.83276,49.825962,2013-08-22 23:40:02.898,1839.0,999999.0,3.2355e-06,2.0982,3.65529,1.74211,5.63659,0,1,2509,0.040335,0.114992,0.210547,0.295257,999999,0.316097,0.447346,6.91605,7.84735,7.20002,1355605.22225306,NOAA-20
x0498247E_y398291N_l1243_s1650_v21,2015-09-26 06:31:42.000,39.829056,49.824669,2013-09-05 22:37:51.593,1902.0,999999.0,7.77934e-07,0.577236,0.333618,0.577957,0.449612,0,1,1157,0.00691724,0.0304548,0.0473615,0.0787096,999999,0.253395,0.464858,7.10641,7.81447,7.1801,1355896.31806332,NOAA-20
x0498213E_y398337N_l2053_s1319_v21,2015-09-26 10:34:56.000,39.833679,49.821266,2013-09-11 22:25:24.728,2123.0,999999.0,4.08784e-07,0.47057,0.307066,0.65254,0.266748,3,1,453,0.0117347,0.0441226,0.0382957,0.066969,999999,0.119455,0.243122,5.52472,6.40716,6.12777,1355306.36059853,NOAA-20
x0498294E_y398255N_l2054_s1320_v21,2015-09-26 10:34:56.000,39.82552,49.829449,2013-09-11 22:25:24.728,2197.0,999999.0,2.75664e-07,0.364482,0.237624,0.651948,0.179719,3,1,1221,0.00726462,0.0421186,0.0503835,0.051315,999999,0.144287,0.278818,5.78775,6.62167,6.26213,1356445.91243713,NOAA-20
x0498399E_y398306N_l0221_s2799_v21,2015-09-26 22:37:24.000,39.830574,49.839931,2013-09-29 23:28:13.084,1880.0,999999.0,1.19468e-06,0.845681,0.892823,1.05574,1.26128,3,1,2511,0.0121797,0.0509162,0.0926909,0.119149,999999,0.101192,0.175008,4.23564,5.17177,4.88265,1356442.85028654,NOAA-20
x0498336E_y398619N_l1238_s1650_v21,2015-09-26 06:31:42.000,39.861893,49.833637,2013-09-05 22:37:51.593,1822.0,999999.0,1.19492e-06,0.746974,0.431715,0.577952,0.690609,0,1,1157,0.0120696,0.031904,0.0382957,0.0982771,999999,0.288988,0.513227,7.36365,8.04683,7.36465,1353204.90301127,NOAA-20
x0498299E_y398535N_l1029_s2633_v21,2015-09-26 08:38:06.000,39.85347,49.829865,2013-09-08 23:21:41.558,2291.0,999999.0,5.32322e-07,0.831568,0.672781,0.809051,0.430675,3,1,2509,0.0309979,0.102176,0.144064,0.112627,999999,0.134923,0.276254,5.9781,6.96739,6.73957,1353828.27077952,NOAA-20
x0498376E_y398514N_l1029_s2634_v21,2015-09-26 08:38:06.000,39.85144,49.837616,2013-09-08 23:21:41.558,2300.0,999999.0,6.30312e-07,0.999332,0.809702,0.810244,0.510706,3,1,2509,0.0302705,0.116688,0.201482,0.112627,999999,0.13751,0.276254,5.99386,6.97334,6.73957,1354370.42802062,NOAA-20
x0498354E_y398517N_l0837_s3137_v21,2015-09-26 21:49:23.000,39.85165,49.835434,2013-09-28 23:46:52.742,1845.0,999999.0,4.9478e-06,3.25177,7.28141,2.23922,11.0792,3,1,2445,0.0352881,0.151079,0.370711,0.434838,999999,0.191003,0.285259,5.68517,6.88848,6.59326,1354251.87281378,NOAA-20
x0498145E_y398687N_l2780_s0168_v21,2015-09-20 12:08:07.000,39.868736,49.814526,2013-08-18 21:34:27.985,1745.0,283.0,6.86367e-06,3.6117,6.17531,1.70981,11.7356,3,34,15551,0.0220801,0.102174,0.367689,0.460928,999999,0.336739,0.459038,6.6466,7.52355,6.9605,1351694.88879692,NOAA-20
x0498192E_y398691N_l2788_s0169_v21,2015-09-20 12:08:07.000,39.869148,49.819206,2013-08-18 21:34:29.764,1775.0,999999.0,3.70353e-06,2.0823,3.55314,1.70636,6.31953,3,1,3791,0.0173074,0.0645616,0.234723,0.257426,999999,0.302025,0.437759,6.65335,7.54516,6.93474,1351867.78132165,NOAA-20
x0498135E_y398788N_l2851_s0752_v21,2015-09-26 07:47:05.000,39.87883,49.813473,2013-09-07 22:00:09.091,1766.0,999999.0,2.39645e-06,1.3209,1.46638,1.11014,2.6604,0,1,1167,0.0159061,0.0581648,0.125932,0.173938,999999,0.28485,0.486103,7.40641,8.18524,7.63762,1350695.59218241,NOAA-20
x0498179E_y398687N_l2754_s1814_v21,2015-09-26 09:54:05.000,39.868679,49.817875,2013-09-10 22:44:13.303,1768.0,999999.0,5.10704e-06,2.82805,1.74825,0.618183,3.15708,3,1,3725,0.0368775,0.109714,0.286096,0.364395,999999,0.235857,0.393971,6.50222,7.29745,6.8264,1351851.77359152,NOAA-20
